﻿{"groups":[{"Properties":{"highvalue":true,"domain":"ACMEPOWER.CO.NZ","objectsid":"S-1-5-32-544"},"Name":"ADMINISTRATORS@ACMEPOWER.CO.NZ","Aces":null,"Members":[{"MemberName":"GAMEADMIN@ACMEPOWER.CO.NZ","MemberType":"user"},{"MemberName":"TWRENN@ACMEPOWER.CO.NZ","MemberType":"user"},{"MemberName":"DOMAIN ADMINS@ACMEPOWER.CO.NZ","MemberType":"group"},{"MemberName":"ENTERPRISE ADMINS@ACMEPOWER.CO.NZ","MemberType":"group"},{"MemberName":"ADMINISTRATOR@ACMEPOWER.CO.NZ","MemberType":"user"}]},{"Properties":{"highvalue":false,"domain":"ACMEPOWER.CO.NZ","objectsid":"S-1-5-32-545"},"Name":"USERS@ACMEPOWER.CO.NZ","Aces":null,"Members":[{"MemberName":"DOMAIN USERS@ACMEPOWER.CO.NZ","MemberType":"group"},{"MemberName":"AUTHENTICATED USERS@ACMEPOWER.CO.NZ","MemberType":"group"},{"MemberName":"INTERACTIVE@ACMEPOWER.CO.NZ","MemberType":"group"}]},{"Properties":{"highvalue":false,"domain":"ACMEPOWER.CO.NZ","objectsid":"S-1-5-32-546"},"Name":"GUESTS@ACMEPOWER.CO.NZ","Aces":null,"Members":[{"MemberName":"IUSR_ACMFS01@ACMEPOWER.CO.NZ","MemberType":"user"},{"MemberName":"DOMAIN GUESTS@ACMEPOWER.CO.NZ","MemberType":"group"},{"MemberName":"GUEST@ACMEPOWER.CO.NZ","MemberType":"user"}]},{"Properties":{"highvalue":true,"domain":"ACMEPOWER.CO.NZ","objectsid":"S-1-5-32-550"},"Name":"PRINT OPERATORS@ACMEPOWER.CO.NZ","Aces":null,"Members":[]},{"Properties":{"highvalue":true,"domain":"ACMEPOWER.CO.NZ","objectsid":"S-1-5-32-551"},"Name":"BACKUP OPERATORS@ACMEPOWER.CO.NZ","Aces":null,"Members":[]},{"Properties":{"highvalue":false,"domain":"ACMEPOWER.CO.NZ","objectsid":"S-1-5-32-552"},"Name":"REPLICATOR@ACMEPOWER.CO.NZ","Aces":null,"Members":[]},{"Properties":{"highvalue":false,"domain":"ACMEPOWER.CO.NZ","objectsid":"S-1-5-32-555"},"Name":"REMOTE DESKTOP USERS@ACMEPOWER.CO.NZ","Aces":null,"Members":[]},{"Properties":{"highvalue":false,"domain":"ACMEPOWER.CO.NZ","objectsid":"S-1-5-32-556"},"Name":"NETWORK CONFIGURATION OPERATORS@ACMEPOWER.CO.NZ","Aces":null,"Members":[]},{"Properties":{"highvalue":false,"domain":"ACMEPOWER.CO.NZ","objectsid":"S-1-5-32-558"},"Name":"PERFORMANCE MONITOR USERS@ACMEPOWER.CO.NZ","Aces":null,"Members":[]},{"Properties":{"highvalue":false,"domain":"ACMEPOWER.CO.NZ","objectsid":"S-1-5-32-559"},"Name":"PERFORMANCE LOG USERS@ACMEPOWER.CO.NZ","Aces":null,"Members":[]},{"Properties":{"highvalue":false,"domain":"ACMEPOWER.CO.NZ","objectsid":"S-1-5-32-562"},"Name":"DISTRIBUTED COM USERS@ACMEPOWER.CO.NZ","Aces":null,"Members":[]},{"Properties":{"highvalue":false,"domain":"ACMEPOWER.CO.NZ","objectsid":"S-1-5-32-568"},"Name":"IIS_IUSRS@ACMEPOWER.CO.NZ","Aces":null,"Members":[{"MemberName":"THIS ORGANIZATION @ACMEPOWER.CO.NZ","MemberType":"group"}]},{"Properties":{"highvalue":false,"domain":"ACMEPOWER.CO.NZ","objectsid":"S-1-5-32-569"},"Name":"CRYPTOGRAPHIC OPERATORS@ACMEPOWER.CO.NZ","Aces":null,"Members":[]},{"Properties":{"highvalue":false,"domain":"ACMEPOWER.CO.NZ","objectsid":"S-1-5-32-573"},"Name":"EVENT LOG READERS@ACMEPOWER.CO.NZ","Aces":null,"Members":[]},{"Properties":{"highvalue":false,"domain":"ACMEPOWER.CO.NZ","objectsid":"S-1-5-32-574"},"Name":"CERTIFICATE SERVICE DCOM ACCESS@ACMEPOWER.CO.NZ","Aces":null,"Members":[]},{"Properties":{"highvalue":false,"domain":"ACMEPOWER.CO.NZ","objectsid":"S-1-5-21-766433165-4019621592-3972995035-517"},"Name":"CERT PUBLISHERS@ACMEPOWER.CO.NZ","Aces":null,"Members":[]},{"Properties":{"highvalue":false,"domain":"ACMEPOWER.CO.NZ","objectsid":"S-1-5-32-560"},"Name":"WINDOWS AUTHORIZATION ACCESS GROUP@ACMEPOWER.CO.NZ","Aces":null,"Members":[{"MemberName":"ENTERPRISE DOMAIN CONTROLLERS@ACMEPOWER.CO.NZ","MemberType":"group"}]},{"Properties":{"highvalue":false,"domain":"ACMEPOWER.CO.NZ","objectsid":"S-1-5-21-766433165-4019621592-3972995035-553"},"Name":"RAS AND IAS SERVERS@ACMEPOWER.CO.NZ","Aces":null,"Members":[]},{"Properties":{"highvalue":true,"domain":"ACMEPOWER.CO.NZ","objectsid":"S-1-5-32-549"},"Name":"SERVER OPERATORS@ACMEPOWER.CO.NZ","Aces":null,"Members":[]},{"Properties":{"highvalue":true,"domain":"ACMEPOWER.CO.NZ","objectsid":"S-1-5-32-548"},"Name":"ACCOUNT OPERATORS@ACMEPOWER.CO.NZ","Aces":null,"Members":[]},{"Properties":{"highvalue":false,"domain":"ACMEPOWER.CO.NZ","objectsid":"S-1-5-32-554"},"Name":"PRE-WINDOWS 2000 COMPATIBLE ACCESS@ACMEPOWER.CO.NZ","Aces":null,"Members":[{"MemberName":"EXCHANGE DOMAIN SERVERS@ACMEPOWER.CO.NZ","MemberType":"group"},{"MemberName":"AUTHENTICATED USERS@ACMEPOWER.CO.NZ","MemberType":"group"}]},{"Properties":{"highvalue":false,"domain":"ACMEPOWER.CO.NZ","objectsid":"S-1-5-32-557"},"Name":"INCOMING FOREST TRUST BUILDERS@ACMEPOWER.CO.NZ","Aces":null,"Members":[]},{"Properties":{"highvalue":false,"domain":"ACMEPOWER.CO.NZ","objectsid":"S-1-5-21-766433165-4019621592-3972995035-1384"},"Name":"EXCHANGE ENTERPRISE SERVERS@ACMEPOWER.CO.NZ","Aces":null,"Members":[{"MemberName":"EXCHANGE DOMAIN SERVERS@ACMEPOWER.CO.NZ","MemberType":"group"}]},{"Properties":{"highvalue":false,"domain":"ACMEPOWER.CO.NZ","objectsid":"S-1-5-32-561"},"Name":"TERMINAL SERVER LICENSE SERVERS@ACMEPOWER.CO.NZ","Aces":null,"Members":[]},{"Properties":{"highvalue":false,"domain":"ACMEPOWER.CO.NZ","objectsid":"S-1-5-21-766433165-4019621592-3972995035-571"},"Name":"ALLOWED RODC PASSWORD REPLICATION GROUP@ACMEPOWER.CO.NZ","Aces":null,"Members":[]},{"Properties":{"highvalue":false,"domain":"ACMEPOWER.CO.NZ","objectsid":"S-1-5-21-766433165-4019621592-3972995035-1102"},"Name":"DNSADMINS@ACMEPOWER.CO.NZ","Aces":null,"Members":[]},{"Properties":{"highvalue":false,"domain":"ACMEPOWER.CO.NZ","objectsid":"S-1-5-21-766433165-4019621592-3972995035-2102"},"Name":"IIS_WPG@ACMEPOWER.CO.NZ","Aces":null,"Members":[{"MemberName":"IWAM_ACMFS01@ACMEPOWER.CO.NZ","MemberType":"user"}]},{"Properties":{"highvalue":false,"domain":"ACMEPOWER.CO.NZ","objectsid":"S-1-5-21-766433165-4019621592-3972995035-518"},"Name":"SCHEMA ADMINS@ACMEPOWER.CO.NZ","Aces":null,"Members":[{"MemberName":"GAMEADMIN@ACMEPOWER.CO.NZ","MemberType":"user"},{"MemberName":"ADMINISTRATOR@ACMEPOWER.CO.NZ","MemberType":"user"}]},{"Properties":{"highvalue":true,"domain":"ACMEPOWER.CO.NZ","objectsid":"S-1-5-21-766433165-4019621592-3972995035-519"},"Name":"ENTERPRISE ADMINS@ACMEPOWER.CO.NZ","Aces":null,"Members":[{"MemberName":"GAMEADMIN@ACMEPOWER.CO.NZ","MemberType":"user"},{"MemberName":"ADMINISTRATOR@ACMEPOWER.CO.NZ","MemberType":"user"}]},{"Properties":{"highvalue":false,"domain":"ACMEPOWER.CO.NZ","objectsid":"S-1-5-21-766433165-4019621592-3972995035-1389"},"Name":"DHCP USERS@ACMEPOWER.CO.NZ","Aces":null,"Members":[]},{"Properties":{"highvalue":false,"domain":"ACMEPOWER.CO.NZ","objectsid":"S-1-5-21-766433165-4019621592-3972995035-1390"},"Name":"DHCP ADMINISTRATORS@ACMEPOWER.CO.NZ","Aces":null,"Members":[]},{"Properties":{"highvalue":false,"domain":"ACMEPOWER.CO.NZ","objectsid":"S-1-5-21-766433165-4019621592-3972995035-515"},"Name":"DOMAIN COMPUTERS@ACMEPOWER.CO.NZ","Aces":null,"Members":[]},{"Properties":{"highvalue":true,"domain":"ACMEPOWER.CO.NZ","objectsid":"S-1-5-21-766433165-4019621592-3972995035-520"},"Name":"GROUP POLICY CREATOR OWNERS@ACMEPOWER.CO.NZ","Aces":null,"Members":[{"MemberName":"GAMEADMIN@ACMEPOWER.CO.NZ","MemberType":"user"},{"MemberName":"ADMINISTRATOR@ACMEPOWER.CO.NZ","MemberType":"user"}]},{"Properties":{"highvalue":true,"domain":"ACMEPOWER.CO.NZ","objectsid":"S-1-5-21-766433165-4019621592-3972995035-516"},"Name":"DOMAIN CONTROLLERS@ACMEPOWER.CO.NZ","Aces":null,"Members":[{"MemberName":"B0X@ACMEPOWER.CO.NZ","MemberType":"user"}]},{"Properties":{"highvalue":false,"domain":"ACMEPOWER.CO.NZ","objectsid":"S-1-5-21-766433165-4019621592-3972995035-513"},"Name":"DOMAIN USERS@ACMEPOWER.CO.NZ","Aces":null,"Members":[]},{"Properties":{"highvalue":false,"domain":"ACMEPOWER.CO.NZ","objectsid":"S-1-5-21-766433165-4019621592-3972995035-514"},"Name":"DOMAIN GUESTS@ACMEPOWER.CO.NZ","Aces":null,"Members":[]},{"Properties":{"highvalue":false,"domain":"ACMEPOWER.CO.NZ","objectsid":"S-1-5-21-766433165-4019621592-3972995035-521"},"Name":"READ-ONLY DOMAIN CONTROLLERS@ACMEPOWER.CO.NZ","Aces":null,"Members":[]},{"Properties":{"highvalue":false,"domain":"ACMEPOWER.CO.NZ","objectsid":"S-1-5-21-766433165-4019621592-3972995035-572"},"Name":"DENIED RODC PASSWORD REPLICATION GROUP@ACMEPOWER.CO.NZ","Aces":null,"Members":[{"MemberName":"READ-ONLY DOMAIN CONTROLLERS@ACMEPOWER.CO.NZ","MemberType":"group"},{"MemberName":"GROUP POLICY CREATOR OWNERS@ACMEPOWER.CO.NZ","MemberType":"group"},{"MemberName":"DOMAIN ADMINS@ACMEPOWER.CO.NZ","MemberType":"group"},{"MemberName":"CERT PUBLISHERS@ACMEPOWER.CO.NZ","MemberType":"group"},{"MemberName":"ENTERPRISE ADMINS@ACMEPOWER.CO.NZ","MemberType":"group"},{"MemberName":"SCHEMA ADMINS@ACMEPOWER.CO.NZ","MemberType":"group"},{"MemberName":"DOMAIN CONTROLLERS@ACMEPOWER.CO.NZ","MemberType":"group"},{"MemberName":"KRBTGT@ACMEPOWER.CO.NZ","MemberType":"user"}]},{"Properties":{"highvalue":false,"domain":"ACMEPOWER.CO.NZ","objectsid":"S-1-5-21-766433165-4019621592-3972995035-498"},"Name":"ENTERPRISE READ-ONLY DOMAIN CONTROLLERS@ACMEPOWER.CO.NZ","Aces":null,"Members":[]},{"Properties":{"highvalue":true,"domain":"ACMEPOWER.CO.NZ","objectsid":"S-1-5-21-766433165-4019621592-3972995035-512"},"Name":"DOMAIN ADMINS@ACMEPOWER.CO.NZ","Aces":null,"Members":[{"MemberName":"B0X@ACMEPOWER.CO.NZ","MemberType":"user"},{"MemberName":"GAMEADMIN@ACMEPOWER.CO.NZ","MemberType":"user"},{"MemberName":"TWRENN@ACMEPOWER.CO.NZ","MemberType":"user"},{"MemberName":"RFORBES@ACMEPOWER.CO.NZ","MemberType":"user"},{"MemberName":"ADMINISTRATOR@ACMEPOWER.CO.NZ","MemberType":"user"}]},{"Properties":{"highvalue":false,"domain":"ACMEPOWER.CO.NZ","objectsid":"S-1-5-21-766433165-4019621592-3972995035-1103"},"Name":"DNSUPDATEPROXY@ACMEPOWER.CO.NZ","Aces":null,"Members":[]},{"Properties":{"highvalue":false,"domain":"ACMEPOWER.CO.NZ","objectsid":"S-1-5-21-766433165-4019621592-3972995035-1374"},"Name":"DEBTCOLLECT@ACMEPOWER.CO.NZ","Aces":null,"Members":[{"MemberName":"PBRADLY@ACMEPOWER.CO.NZ","MemberType":"user"},{"MemberName":"ABEATON@ACMEPOWER.CO.NZ","MemberType":"user"},{"MemberName":"BBURNS@ACMEPOWER.CO.NZ","MemberType":"user"},{"MemberName":"YWEAVERS@ACMEPOWER.CO.NZ","MemberType":"user"},{"MemberName":"TVALE@ACMEPOWER.CO.NZ","MemberType":"user"},{"MemberName":"JURLICH@ACMEPOWER.CO.NZ","MemberType":"user"},{"MemberName":"DSANSON@ACMEPOWER.CO.NZ","MemberType":"user"},{"MemberName":"JOCALLAGHAN@ACMEPOWER.CO.NZ","MemberType":"user"},{"MemberName":"AKELSEN@ACMEPOWER.CO.NZ","MemberType":"user"},{"MemberName":"BKAKE@ACMEPOWER.CO.NZ","MemberType":"user"},{"MemberName":"AJOB@ACMEPOWER.CO.NZ","MemberType":"user"},{"MemberName":"AHENDRY@ACMEPOWER.CO.NZ","MemberType":"user"},{"MemberName":"SHARRAP@ACMEPOWER.CO.NZ","MemberType":"user"},{"MemberName":"MGEE@ACMEPOWER.CO.NZ","MemberType":"user"},{"MemberName":"EDICKEY@ACMEPOWER.CO.NZ","MemberType":"user"},{"MemberName":"DCOWLEY@ACMEPOWER.CO.NZ","MemberType":"user"},{"MemberName":"ACHESTERS@ACMEPOWER.CO.NZ","MemberType":"user"},{"MemberName":"CCENTRAL@ACMEPOWER.CO.NZ","MemberType":"user"},{"MemberName":"CCAMA@ACMEPOWER.CO.NZ","MemberType":"user"},{"MemberName":"JBUCKMASTER@ACMEPOWER.CO.NZ","MemberType":"user"},{"MemberName":"HBRATTLE@ACMEPOWER.CO.NZ","MemberType":"user"},{"MemberName":"RBHAVSAR@ACMEPOWER.CO.NZ","MemberType":"user"},{"MemberName":"RBERKETT@ACMEPOWER.CO.NZ","MemberType":"user"},{"MemberName":"OBAXTER@ACMEPOWER.CO.NZ","MemberType":"user"}]},{"Properties":{"highvalue":false,"domain":"ACMEPOWER.CO.NZ","objectsid":"S-1-5-21-766433165-4019621592-3972995035-1376"},"Name":"FINANCE@ACMEPOWER.CO.NZ","Aces":null,"Members":[{"MemberName":"KJOE@ACMEPOWER.CO.NZ","MemberType":"user"},{"MemberName":"ARUP@ACMEPOWER.CO.NZ","MemberType":"user"},{"MemberName":"AMAINFREIGHT@ACMEPOWER.CO.NZ","MemberType":"user"},{"MemberName":"BSONNENBERG@ACMEPOWER.CO.NZ","MemberType":"user"},{"MemberName":"LMOSS@ACMEPOWER.CO.NZ","MemberType":"user"},{"MemberName":"GMOSESRUDOLPH@ACMEPOWER.CO.NZ","MemberType":"user"},{"MemberName":"AMANLEY@ACMEPOWER.CO.NZ","MemberType":"user"},{"MemberName":"GINTERIOR@ACMEPOWER.CO.NZ","MemberType":"user"},{"MemberName":"LHARTE@ACMEPOWER.CO.NZ","MemberType":"user"},{"MemberName":"JHAMER@ACMEPOWER.CO.NZ","MemberType":"user"},{"MemberName":"JFLINT@ACMEPOWER.CO.NZ","MemberType":"user"},{"MemberName":"KFLAUS@ACMEPOWER.CO.NZ","MemberType":"user"},{"MemberName":"JFITZGERALD@ACMEPOWER.CO.NZ","MemberType":"user"},{"MemberName":"GFERRIER@ACMEPOWER.CO.NZ","MemberType":"user"},{"MemberName":"AEVA@ACMEPOWER.CO.NZ","MemberType":"user"},{"MemberName":"DENVIROSAFE@ACMEPOWER.CO.NZ","MemberType":"user"},{"MemberName":"EDORE@ACMEPOWER.CO.NZ","MemberType":"user"},{"MemberName":"SDODS@ACMEPOWER.CO.NZ","MemberType":"user"},{"MemberName":"JDARROCH@ACMEPOWER.CO.NZ","MemberType":"user"},{"MemberName":"CCLEAVE@ACMEPOWER.CO.NZ","MemberType":"user"},{"MemberName":"UCLARKE@ACMEPOWER.CO.NZ","MemberType":"user"},{"MemberName":"JBRYANT@ACMEPOWER.CO.NZ","MemberType":"user"},{"MemberName":"JASHTON@ACMEPOWER.CO.NZ","MemberType":"user"},{"MemberName":"CARVIDSON@ACMEPOWER.CO.NZ","MemberType":"user"}]},{"Properties":{"highvalue":false,"domain":"ACMEPOWER.CO.NZ","objectsid":"S-1-5-21-766433165-4019621592-3972995035-1378"},"Name":"HUMANRESOURCES@ACMEPOWER.CO.NZ","Aces":null,"Members":[{"MemberName":"HUMANRESOURCES@ACMEPOWER.CO.NZ","MemberType":"group"},{"MemberName":"HBARDELL@ACMEPOWER.CO.NZ","MemberType":"user"},{"MemberName":"OGARDYNE@ACMEPOWER.CO.NZ","MemberType":"user"},{"MemberName":"JHOGG@ACMEPOWER.CO.NZ","MemberType":"user"},{"MemberName":"BWOODCOCK@ACMEPOWER.CO.NZ","MemberType":"user"},{"MemberName":"ZWEEKS@ACMEPOWER.CO.NZ","MemberType":"user"},{"MemberName":"JTRENBERTH@ACMEPOWER.CO.NZ","MemberType":"user"},{"MemberName":"MSPINKS@ACMEPOWER.CO.NZ","MemberType":"user"},{"MemberName":"KSHALE@ACMEPOWER.CO.NZ","MemberType":"user"},{"MemberName":"AROSCOE@ACMEPOWER.CO.NZ","MemberType":"user"},{"MemberName":"MMACMILLAN@ACMEPOWER.CO.NZ","MemberType":"user"},{"MemberName":"MMABEY@ACMEPOWER.CO.NZ","MemberType":"user"},{"MemberName":"CKILMISTER@ACMEPOWER.CO.NZ","MemberType":"user"},{"MemberName":"RJUDD@ACMEPOWER.CO.NZ","MemberType":"user"},{"MemberName":"DHUTCHINSON@ACMEPOWER.CO.NZ","MemberType":"user"},{"MemberName":"THUBBARD@ACMEPOWER.CO.NZ","MemberType":"user"},{"MemberName":"NHORNABROOK@ACMEPOWER.CO.NZ","MemberType":"user"},{"MemberName":"KHERMAN@ACMEPOWER.CO.NZ","MemberType":"user"},{"MemberName":"THEAVEN@ACMEPOWER.CO.NZ","MemberType":"user"},{"MemberName":"CHEALY@ACMEPOWER.CO.NZ","MemberType":"user"},{"MemberName":"ZGREENBANK@ACMEPOWER.CO.NZ","MemberType":"user"},{"MemberName":"SEDMONDS@ACMEPOWER.CO.NZ","MemberType":"user"},{"MemberName":"GCHEN@ACMEPOWER.CO.NZ","MemberType":"user"},{"MemberName":"GBURLING@ACMEPOWER.CO.NZ","MemberType":"user"},{"MemberName":"EBREMNER@ACMEPOWER.CO.NZ","MemberType":"user"},{"MemberName":"TBAINBRIDGE@ACMEPOWER.CO.NZ","MemberType":"user"}]},{"Properties":{"highvalue":false,"domain":"ACMEPOWER.CO.NZ","objectsid":"S-1-5-21-766433165-4019621592-3972995035-1379"},"Name":"ITSYSTEMS@ACMEPOWER.CO.NZ","Aces":null,"Members":[{"MemberName":"ITSYSTEMS@ACMEPOWER.CO.NZ","MemberType":"group"},{"MemberName":"DMICHAELI@ACMEPOWER.CO.NZ","MemberType":"user"},{"MemberName":"KCLARK@ACMEPOWER.CO.NZ","MemberType":"user"},{"MemberName":"SMCGILL@ACMEPOWER.CO.NZ","MemberType":"user"},{"MemberName":"TWRENN@ACMEPOWER.CO.NZ","MemberType":"user"},{"MemberName":"YWARRINGTON@ACMEPOWER.CO.NZ","MemberType":"user"},{"MemberName":"BSTEVENS@ACMEPOWER.CO.NZ","MemberType":"user"},{"MemberName":"LSTEEL@ACMEPOWER.CO.NZ","MemberType":"user"},{"MemberName":"GPIANO@ACMEPOWER.CO.NZ","MemberType":"user"},{"MemberName":"AMCKILLOP@ACMEPOWER.CO.NZ","MemberType":"user"},{"MemberName":"DLAURENSON@ACMEPOWER.CO.NZ","MemberType":"user"},{"MemberName":"MHODGSON@ACMEPOWER.CO.NZ","MemberType":"user"},{"MemberName":"LHELM@ACMEPOWER.CO.NZ","MemberType":"user"},{"MemberName":"AHAWIJ@ACMEPOWER.CO.NZ","MemberType":"user"},{"MemberName":"CHANSEN@ACMEPOWER.CO.NZ","MemberType":"user"},{"MemberName":"HGURAPPA@ACMEPOWER.CO.NZ","MemberType":"user"},{"MemberName":"JGOUK@ACMEPOWER.CO.NZ","MemberType":"user"},{"MemberName":"RFORBES@ACMEPOWER.CO.NZ","MemberType":"user"},{"MemberName":"DFARR@ACMEPOWER.CO.NZ","MemberType":"user"},{"MemberName":"GEDLIN@ACMEPOWER.CO.NZ","MemberType":"user"},{"MemberName":"ACOZENS@ACMEPOWER.CO.NZ","MemberType":"user"},{"MemberName":"RCOATS@ACMEPOWER.CO.NZ","MemberType":"user"},{"MemberName":"ABROOKLANDS@ACMEPOWER.CO.NZ","MemberType":"user"},{"MemberName":"CBOSHIER@ACMEPOWER.CO.NZ","MemberType":"user"},{"MemberName":"LBAYNES@ACMEPOWER.CO.NZ","MemberType":"user"},{"MemberName":"SANNAN@ACMEPOWER.CO.NZ","MemberType":"user"},{"MemberName":"EALLIED@ACMEPOWER.CO.NZ","MemberType":"user"},{"MemberName":"AALFORD@ACMEPOWER.CO.NZ","MemberType":"user"}]},{"Properties":{"highvalue":false,"domain":"ACMEPOWER.CO.NZ","objectsid":"S-1-5-21-766433165-4019621592-3972995035-1383"},"Name":"EXCHANGE DOMAIN SERVERS@ACMEPOWER.CO.NZ","Aces":null,"Members":[{"MemberName":"ACMEX01.ACMEPOWER.CO.NZ","MemberType":"computer"}]},{"Properties":{"highvalue":false,"domain":"ACMEPOWER.CO.NZ","objectsid":"S-1-5-21-766433165-4019621592-3972995035-1382"},"Name":"MANAGERS@ACMEPOWER.CO.NZ","Aces":null,"Members":[{"MemberName":"KGOLDSACK@ACMEPOWER.CO.NZ","MemberType":"user"},{"MemberName":"BBURNS@ACMEPOWER.CO.NZ","MemberType":"user"},{"MemberName":"CSYMON@ACMEPOWER.CO.NZ","MemberType":"user"},{"MemberName":"AMAINFREIGHT@ACMEPOWER.CO.NZ","MemberType":"user"},{"MemberName":"SMCGILL@ACMEPOWER.CO.NZ","MemberType":"user"},{"MemberName":"JHOGG@ACMEPOWER.CO.NZ","MemberType":"user"},{"MemberName":"SMACKENZIE@ACMEPOWER.CO.NZ","MemberType":"user"},{"MemberName":"JLEITCH@ACMEPOWER.CO.NZ","MemberType":"user"},{"MemberName":"BSTEPHENS@ACMEPOWER.CO.NZ","MemberType":"user"}]},{"Properties":{"highvalue":false,"domain":"ACMEPOWER.CO.NZ","objectsid":"S-1-5-21-766433165-4019621592-3972995035-1377"},"Name":"CSR@ACMEPOWER.CO.NZ","Aces":null,"Members":[{"MemberName":"CSR@ACMEPOWER.CO.NZ","MemberType":"group"},{"MemberName":"BLITTLE@ACMEPOWER.CO.NZ","MemberType":"user"},{"MemberName":"RCOLLARD@ACMEPOWER.CO.NZ","MemberType":"user"},{"MemberName":"SMACKENZIE@ACMEPOWER.CO.NZ","MemberType":"user"},{"MemberName":"MWILLACY@ACMEPOWER.CO.NZ","MemberType":"user"},{"MemberName":"MWALMSLEY@ACMEPOWER.CO.NZ","MemberType":"user"},{"MemberName":"ATHOMSEN@ACMEPOWER.CO.NZ","MemberType":"user"},{"MemberName":"DTELFORD@ACMEPOWER.CO.NZ","MemberType":"user"},{"MemberName":"JTEAGUE@ACMEPOWER.CO.NZ","MemberType":"user"},{"MemberName":"TTAMEPO@ACMEPOWER.CO.NZ","MemberType":"user"},{"MemberName":"MTAKAKA@ACMEPOWER.CO.NZ","MemberType":"user"},{"MemberName":"ESYMES@ACMEPOWER.CO.NZ","MemberType":"user"},{"MemberName":"DSTURGEON@ACMEPOWER.CO.NZ","MemberType":"user"},{"MemberName":"CSEWARD@ACMEPOWER.CO.NZ","MemberType":"user"},{"MemberName":"DPURDIE@ACMEPOWER.CO.NZ","MemberType":"user"},{"MemberName":"BMCWILLIAMS@ACMEPOWER.CO.NZ","MemberType":"user"},{"MemberName":"BMCDERMOTT@ACMEPOWER.CO.NZ","MemberType":"user"},{"MemberName":"NLESLIE@ACMEPOWER.CO.NZ","MemberType":"user"},{"MemberName":"JKEESING@ACMEPOWER.CO.NZ","MemberType":"user"},{"MemberName":"DISLES@ACMEPOWER.CO.NZ","MemberType":"user"},{"MemberName":"VHARVIE@ACMEPOWER.CO.NZ","MemberType":"user"},{"MemberName":"AGIMBLETT@ACMEPOWER.CO.NZ","MemberType":"user"},{"MemberName":"CGEOFFREY@ACMEPOWER.CO.NZ","MemberType":"user"},{"MemberName":"REDGAR@ACMEPOWER.CO.NZ","MemberType":"user"},{"MemberName":"CDUNSTAN@ACMEPOWER.CO.NZ","MemberType":"user"},{"MemberName":"MDUFF@ACMEPOWER.CO.NZ","MemberType":"user"},{"MemberName":"SDEVEREUX@ACMEPOWER.CO.NZ","MemberType":"user"},{"MemberName":"TDAY@ACMEPOWER.CO.NZ","MemberType":"user"},{"MemberName":"CCRICHTON@ACMEPOWER.CO.NZ","MemberType":"user"},{"MemberName":"BCREE@ACMEPOWER.CO.NZ","MemberType":"user"},{"MemberName":"BCOLLETT@ACMEPOWER.CO.NZ","MemberType":"user"},{"MemberName":"JCHELSEA@ACMEPOWER.CO.NZ","MemberType":"user"},{"MemberName":"MCHEESEMAN@ACMEPOWER.CO.NZ","MemberType":"user"},{"MemberName":"UCATLEY@ACMEPOWER.CO.NZ","MemberType":"user"},{"MemberName":"KCARLSON@ACMEPOWER.CO.NZ","MemberType":"user"},{"MemberName":"MBUCHANAN@ACMEPOWER.CO.NZ","MemberType":"user"},{"MemberName":"BBRAILEY@ACMEPOWER.CO.NZ","MemberType":"user"},{"MemberName":"TBRABANT@ACMEPOWER.CO.NZ","MemberType":"user"},{"MemberName":"SARMOURGUARD@ACMEPOWER.CO.NZ","MemberType":"user"}]},{"Properties":{"highvalue":false,"domain":"ACMEPOWER.CO.NZ","objectsid":"S-1-5-21-766433165-4019621592-3972995035-1381"},"Name":"PLANNING@ACMEPOWER.CO.NZ","Aces":null,"Members":[{"MemberName":"ADICKINSON@ACMEPOWER.CO.NZ","MemberType":"user"},{"MemberName":"JGREER@ACMEPOWER.CO.NZ","MemberType":"user"},{"MemberName":"CSYMON@ACMEPOWER.CO.NZ","MemberType":"user"},{"MemberName":"BWING@ACMEPOWER.CO.NZ","MemberType":"user"},{"MemberName":"PSNELL@ACMEPOWER.CO.NZ","MemberType":"user"},{"MemberName":"ASHALLARD@ACMEPOWER.CO.NZ","MemberType":"user"},{"MemberName":"BROSS@ACMEPOWER.CO.NZ","MemberType":"user"},{"MemberName":"BROGER@ACMEPOWER.CO.NZ","MemberType":"user"},{"MemberName":"SOSBALDISTON@ACMEPOWER.CO.NZ","MemberType":"user"},{"MemberName":"EMUIR@ACMEPOWER.CO.NZ","MemberType":"user"},{"MemberName":"BMCSWEENEY@ACMEPOWER.CO.NZ","MemberType":"user"},{"MemberName":"JMCNAMARA@ACMEPOWER.CO.NZ","MemberType":"user"},{"MemberName":"JHEPPLE@ACMEPOWER.CO.NZ","MemberType":"user"},{"MemberName":"KHAWIRA@ACMEPOWER.CO.NZ","MemberType":"user"},{"MemberName":"BGRIBBLE@ACMEPOWER.CO.NZ","MemberType":"user"},{"MemberName":"GGEDDES@ACMEPOWER.CO.NZ","MemberType":"user"},{"MemberName":"LGEARY@ACMEPOWER.CO.NZ","MemberType":"user"},{"MemberName":"JDURBIN@ACMEPOWER.CO.NZ","MemberType":"user"},{"MemberName":"MBRAJKOVICH@ACMEPOWER.CO.NZ","MemberType":"user"},{"MemberName":"LALEXANDER@ACMEPOWER.CO.NZ","MemberType":"user"}]},{"Properties":{"highvalue":false,"domain":"ACMEPOWER.CO.NZ","objectsid":"S-1-5-21-766433165-4019621592-3972995035-1380"},"Name":"MARKETING@ACMEPOWER.CO.NZ","Aces":null,"Members":[{"MemberName":"JDUNCAN@ACMEPOWER.CO.NZ","MemberType":"user"},{"MemberName":"YBEACH@ACMEPOWER.CO.NZ","MemberType":"user"},{"MemberName":"KGOLDSACK@ACMEPOWER.CO.NZ","MemberType":"user"},{"MemberName":"ESTRACHAN@ACMEPOWER.CO.NZ","MemberType":"user"},{"MemberName":"ASTEAD@ACMEPOWER.CO.NZ","MemberType":"user"},{"MemberName":"SSOUTHGATE@ACMEPOWER.CO.NZ","MemberType":"user"},{"MemberName":"DRODNEY@ACMEPOWER.CO.NZ","MemberType":"user"},{"MemberName":"GREWIWETINI@ACMEPOWER.CO.NZ","MemberType":"user"},{"MemberName":"CRAILTON@ACMEPOWER.CO.NZ","MemberType":"user"},{"MemberName":"BPEDDIE@ACMEPOWER.CO.NZ","MemberType":"user"},{"MemberName":"FKERSHAW@ACMEPOWER.CO.NZ","MemberType":"user"},{"MemberName":"PKERAPA@ACMEPOWER.CO.NZ","MemberType":"user"},{"MemberName":"SJUNO@ACMEPOWER.CO.NZ","MemberType":"user"},{"MemberName":"CHOPKINSON@ACMEPOWER.CO.NZ","MemberType":"user"},{"MemberName":"NHATFULL@ACMEPOWER.CO.NZ","MemberType":"user"},{"MemberName":"THARRINGTON@ACMEPOWER.CO.NZ","MemberType":"user"},{"MemberName":"DHARGREAVES@ACMEPOWER.CO.NZ","MemberType":"user"},{"MemberName":"KHACKETT@ACMEPOWER.CO.NZ","MemberType":"user"},{"MemberName":"DCOSTELLO@ACMEPOWER.CO.NZ","MemberType":"user"},{"MemberName":"CBRAMLEY@ACMEPOWER.CO.NZ","MemberType":"user"},{"MemberName":"LBOWIE@ACMEPOWER.CO.NZ","MemberType":"user"},{"MemberName":"TBEATTIE@ACMEPOWER.CO.NZ","MemberType":"user"},{"MemberName":"MBALLANTYNE@ACMEPOWER.CO.NZ","MemberType":"user"},{"MemberName":"BAULD@ACMEPOWER.CO.NZ","MemberType":"user"}]},{"Properties":{"highvalue":false,"domain":"ACMEPOWER.CO.NZ","objectsid":"S-1-5-21-766433165-4019621592-3972995035-1375"},"Name":"ENGINEERING@ACMEPOWER.CO.NZ","Aces":null,"Members":[{"MemberName":"CGLENDINNING@ACMEPOWER.CO.NZ","MemberType":"user"},{"MemberName":"ASHAH@ACMEPOWER.CO.NZ","MemberType":"user"},{"MemberName":"JLEITCH@ACMEPOWER.CO.NZ","MemberType":"user"},{"MemberName":"RUDY@ACMEPOWER.CO.NZ","MemberType":"user"},{"MemberName":"BTOKA@ACMEPOWER.CO.NZ","MemberType":"user"},{"MemberName":"AROSE@ACMEPOWER.CO.NZ","MemberType":"user"},{"MemberName":"JPIRIE@ACMEPOWER.CO.NZ","MemberType":"user"},{"MemberName":"TMILLS@ACMEPOWER.CO.NZ","MemberType":"user"},{"MemberName":"JMARRIOTT@ACMEPOWER.CO.NZ","MemberType":"user"},{"MemberName":"RMAGGS@ACMEPOWER.CO.NZ","MemberType":"user"},{"MemberName":"CKEMP@ACMEPOWER.CO.NZ","MemberType":"user"},{"MemberName":"MKEAST@ACMEPOWER.CO.NZ","MemberType":"user"},{"MemberName":"RIAIN@ACMEPOWER.CO.NZ","MemberType":"user"},{"MemberName":"JGUY@ACMEPOWER.CO.NZ","MemberType":"user"},{"MemberName":"KDODD@ACMEPOWER.CO.NZ","MemberType":"user"},{"MemberName":"LDAVISON@ACMEPOWER.CO.NZ","MemberType":"user"},{"MemberName":"JCUMMINGS@ACMEPOWER.CO.NZ","MemberType":"user"},{"MemberName":"MCULLEN@ACMEPOWER.CO.NZ","MemberType":"user"},{"MemberName":"WCHESHIRE@ACMEPOWER.CO.NZ","MemberType":"user"},{"MemberName":"YCHALMERS@ACMEPOWER.CO.NZ","MemberType":"user"},{"MemberName":"YBURRIDGE@ACMEPOWER.CO.NZ","MemberType":"user"},{"MemberName":"DBURGER@ACMEPOWER.CO.NZ","MemberType":"user"},{"MemberName":"JBROUGHTON@ACMEPOWER.CO.NZ","MemberType":"user"},{"MemberName":"NBRIDGMAN@ACMEPOWER.CO.NZ","MemberType":"user"},{"MemberName":"MBLUE@ACMEPOWER.CO.NZ","MemberType":"user"},{"MemberName":"DANNING@ACMEPOWER.CO.NZ","MemberType":"user"},{"MemberName":"KAITCHISON@ACMEPOWER.CO.NZ","MemberType":"user"},{"MemberName":"CCUSTODIAN@ACMEPOWER.CO.NZ","MemberType":"user"},{"MemberName":"TSOWRY@ACMEPOWER.CO.NZ","MemberType":"user"},{"MemberName":"BSTEPHENS@ACMEPOWER.CO.NZ","MemberType":"user"},{"MemberName":"ASTONE@ACMEPOWER.CO.NZ","MemberType":"user"},{"MemberName":"NSPEIGHT@ACMEPOWER.CO.NZ","MemberType":"user"},{"MemberName":"EROGERSON@ACMEPOWER.CO.NZ","MemberType":"user"},{"MemberName":"HPILKINGTON@ACMEPOWER.CO.NZ","MemberType":"user"},{"MemberName":"DPENG@ACMEPOWER.CO.NZ","MemberType":"user"},{"MemberName":"LPARSONS@ACMEPOWER.CO.NZ","MemberType":"user"},{"MemberName":"AOAKDEN@ACMEPOWER.CO.NZ","MemberType":"user"},{"MemberName":"JLAURENT@ACMEPOWER.CO.NZ","MemberType":"user"},{"MemberName":"MKITTO@ACMEPOWER.CO.NZ","MemberType":"user"},{"MemberName":"CKEEPA@ACMEPOWER.CO.NZ","MemberType":"user"},{"MemberName":"TJENSEN@ACMEPOWER.CO.NZ","MemberType":"user"},{"MemberName":"JJAMES@ACMEPOWER.CO.NZ","MemberType":"user"},{"MemberName":"AISAAC@ACMEPOWER.CO.NZ","MemberType":"user"},{"MemberName":"AGLOVER@ACMEPOWER.CO.NZ","MemberType":"user"},{"MemberName":"TDYSON@ACMEPOWER.CO.NZ","MemberType":"user"},{"MemberName":"PDANG@ACMEPOWER.CO.NZ","MemberType":"user"},{"MemberName":"KDALLEY@ACMEPOWER.CO.NZ","MemberType":"user"},{"MemberName":"RCHUNILAL@ACMEPOWER.CO.NZ","MemberType":"user"},{"MemberName":"ACAMMELL@ACMEPOWER.CO.NZ","MemberType":"user"},{"MemberName":"ABURCHELL@ACMEPOWER.CO.NZ","MemberType":"user"},{"MemberName":"ABROUWER@ACMEPOWER.CO.NZ","MemberType":"user"},{"MemberName":"KBROOKS@ACMEPOWER.CO.NZ","MemberType":"user"},{"MemberName":"BBAYLISS@ACMEPOWER.CO.NZ","MemberType":"user"}]},{"Properties":{"domain":"acmepower.co.nz","objectsid":"S-1-5-9","highvalue":true},"Name":"ENTERPRISE DOMAIN CONTROLLERS@acmepower.co.nz","Aces":null,"Members":[{"MemberName":"AD.ACMEPOWER.CO.NZ","MemberType":"computer"}]}],"meta":{"count":52,"type":"groups"}}