﻿{"computers":[{"Properties":{"objectsid":"S-1-5-21-766433165-4019621592-3972995035-1001","highvalue":false,"domain":"ACMEPOWER.CO.NZ"},"Name":"AD.ACMEPOWER.CO.NZ","PrimaryGroup":"DOMAIN CONTROLLERS@ACMEPOWER.CO.NZ","LocalAdmins":[{"Name":"ADMINISTRATOR@ACMEPOWER.CO.NZ","Type":"User"},{"Name":"ENTERPRISE ADMINS@ACMEPOWER.CO.NZ","Type":"Group"},{"Name":"DOMAIN ADMINS@ACMEPOWER.CO.NZ","Type":"Group"},{"Name":"TWRENN@ACMEPOWER.CO.NZ","Type":"User"},{"Name":"GAMEADMIN@ACMEPOWER.CO.NZ","Type":"User"}],"RemoteDesktopUsers":[],"DcomUsers":[],"AllowedToDelegate":null,"Aces":null},{"Properties":{"objectsid":"S-1-5-21-766433165-4019621592-3972995035-1373","highvalue":false,"domain":"ACMEPOWER.CO.NZ"},"Name":"ACMFS01.ACMEPOWER.CO.NZ","PrimaryGroup":"DOMAIN COMPUTERS@ACMEPOWER.CO.NZ","LocalAdmins":[{"Name":"DOMAIN ADMINS@ACMEPOWER.CO.NZ","Type":"Group"}],"RemoteDesktopUsers":[],"DcomUsers":[],"AllowedToDelegate":null,"Aces":null},{"Properties":{"objectsid":"S-1-5-21-766433165-4019621592-3972995035-1386","highvalue":false,"domain":"ACMEPOWER.CO.NZ"},"Name":"ACMEX01.ACMEPOWER.CO.NZ","PrimaryGroup":"DOMAIN COMPUTERS@ACMEPOWER.CO.NZ","LocalAdmins":[{"Name":"DOMAIN ADMINS@ACMEPOWER.CO.NZ","Type":"Group"}],"RemoteDesktopUsers":[],"DcomUsers":[],"AllowedToDelegate":null,"Aces":null},{"Properties":{"objectsid":"S-1-5-21-766433165-4019621592-3972995035-1392","highvalue":false,"domain":"ACMEPOWER.CO.NZ"},"Name":"DESKTOP4.ACMEPOWER.CO.NZ","PrimaryGroup":"DOMAIN COMPUTERS@ACMEPOWER.CO.NZ","LocalAdmins":[],"RemoteDesktopUsers":[],"DcomUsers":null,"AllowedToDelegate":null,"Aces":null},{"Properties":{"objectsid":"S-1-5-21-766433165-4019621592-3972995035-1391","highvalue":false,"domain":"ACMEPOWER.CO.NZ"},"Name":"DESKTOP3.ACMEPOWER.CO.NZ","PrimaryGroup":"DOMAIN COMPUTERS@ACMEPOWER.CO.NZ","LocalAdmins":[],"RemoteDesktopUsers":[],"DcomUsers":null,"AllowedToDelegate":null,"Aces":null},{"Properties":{"objectsid":"S-1-5-21-766433165-4019621592-3972995035-1385","highvalue":false,"domain":"ACMEPOWER.CO.NZ"},"Name":"ACMWEB01.ACMEPOWER.CO.NZ","PrimaryGroup":"DOMAIN COMPUTERS@ACMEPOWER.CO.NZ","LocalAdmins":[],"RemoteDesktopUsers":[],"DcomUsers":null,"AllowedToDelegate":null,"Aces":null},{"Properties":{"objectsid":"S-1-5-21-766433165-4019621592-3972995035-1372","highvalue":false,"domain":"ACMEPOWER.CO.NZ"},"Name":"DESKTOP2.ACMEPOWER.CO.NZ","PrimaryGroup":"DOMAIN COMPUTERS@ACMEPOWER.CO.NZ","LocalAdmins":[],"RemoteDesktopUsers":[],"DcomUsers":null,"AllowedToDelegate":null,"Aces":null},{"Properties":{"objectsid":"S-1-5-21-766433165-4019621592-3972995035-1394","highvalue":false,"domain":"ACMEPOWER.CO.NZ"},"Name":"CISCOACS.ACMEPOWER.CO.NZ","PrimaryGroup":"DOMAIN COMPUTERS@ACMEPOWER.CO.NZ","LocalAdmins":[],"RemoteDesktopUsers":[],"DcomUsers":null,"AllowedToDelegate":null,"Aces":null},{"Properties":{"objectsid":"S-1-5-21-766433165-4019621592-3972995035-1388","highvalue":false,"domain":"ACMEPOWER.CO.NZ"},"Name":"ACMSP01.ACMEPOWER.CO.NZ","PrimaryGroup":"DOMAIN COMPUTERS@ACMEPOWER.CO.NZ","LocalAdmins":[{"Name":"DOMAIN ADMINS@ACMEPOWER.CO.NZ","Type":"Group"}],"RemoteDesktopUsers":[],"DcomUsers":[],"AllowedToDelegate":null,"Aces":null},{"Properties":{"objectsid":"S-1-5-21-766433165-4019621592-3972995035-1393","highvalue":false,"domain":"ACMEPOWER.CO.NZ"},"Name":"ANGELRAJU.ACMEPOWER.CO.NZ","PrimaryGroup":"DOMAIN COMPUTERS@ACMEPOWER.CO.NZ","LocalAdmins":[{"Name":"DOMAIN ADMINS@ACMEPOWER.CO.NZ","Type":"Group"}],"RemoteDesktopUsers":[],"DcomUsers":[],"AllowedToDelegate":null,"Aces":null},{"Properties":{"objectsid":"S-1-5-21-766433165-4019621592-3972995035-1395","highvalue":false,"domain":"ACMEPOWER.CO.NZ"},"Name":"RFORBES.ACMEPOWER.CO.NZ","PrimaryGroup":"DOMAIN COMPUTERS@ACMEPOWER.CO.NZ","LocalAdmins":[{"Name":"DOMAIN ADMINS@ACMEPOWER.CO.NZ","Type":"Group"}],"RemoteDesktopUsers":[],"DcomUsers":[],"AllowedToDelegate":null,"Aces":null},{"Properties":{"objectsid":"S-1-5-21-766433165-4019621592-3972995035-2602","highvalue":false,"domain":"ACMEPOWER.CO.NZ"},"Name":"CARLSYMON-PC.ACMEPOWER.CO.NZ","PrimaryGroup":"DOMAIN COMPUTERS@ACMEPOWER.CO.NZ","LocalAdmins":[{"Name":"DOMAIN ADMINS@ACMEPOWER.CO.NZ","Type":"Group"}],"RemoteDesktopUsers":[],"DcomUsers":[],"AllowedToDelegate":null,"Aces":null}],"meta":{"count":12,"type":"computers"}}