﻿{"users":[{"Properties":{"domain":"ACMEPOWER.CO.NZ","objectsid":"S-1-5-21-766433165-4019621592-3972995035-500","highvalue":false},"Name":"ADMINISTRATOR@ACMEPOWER.CO.NZ","PrimaryGroup":"DOMAIN USERS@ACMEPOWER.CO.NZ","Aces":null,"AllowedToDelegate":null},{"Properties":{"domain":"ACMEPOWER.CO.NZ","objectsid":"S-1-5-21-766433165-4019621592-3972995035-502","highvalue":false},"Name":"KRBTGT@ACMEPOWER.CO.NZ","PrimaryGroup":"DOMAIN USERS@ACMEPOWER.CO.NZ","Aces":null,"AllowedToDelegate":null},{"Properties":{"domain":"ACMEPOWER.CO.NZ","objectsid":"S-1-5-21-766433165-4019621592-3972995035-1134","highvalue":false},"Name":"BBAYLISS@ACMEPOWER.CO.NZ","PrimaryGroup":"DOMAIN USERS@ACMEPOWER.CO.NZ","Aces":null,"AllowedToDelegate":null},{"Properties":{"domain":"ACMEPOWER.CO.NZ","objectsid":"S-1-5-21-766433165-4019621592-3972995035-1135","highvalue":false},"Name":"KBROOKS@ACMEPOWER.CO.NZ","PrimaryGroup":"DOMAIN USERS@ACMEPOWER.CO.NZ","Aces":null,"AllowedToDelegate":null},{"Properties":{"domain":"ACMEPOWER.CO.NZ","objectsid":"S-1-5-21-766433165-4019621592-3972995035-1136","highvalue":false},"Name":"ABROUWER@ACMEPOWER.CO.NZ","PrimaryGroup":"DOMAIN USERS@ACMEPOWER.CO.NZ","Aces":null,"AllowedToDelegate":null},{"Properties":{"domain":"ACMEPOWER.CO.NZ","objectsid":"S-1-5-21-766433165-4019621592-3972995035-1137","highvalue":false},"Name":"ABURCHELL@ACMEPOWER.CO.NZ","PrimaryGroup":"DOMAIN USERS@ACMEPOWER.CO.NZ","Aces":null,"AllowedToDelegate":null},{"Properties":{"domain":"ACMEPOWER.CO.NZ","objectsid":"S-1-5-21-766433165-4019621592-3972995035-1138","highvalue":false},"Name":"ACAMMELL@ACMEPOWER.CO.NZ","PrimaryGroup":"DOMAIN USERS@ACMEPOWER.CO.NZ","Aces":null,"AllowedToDelegate":null},{"Properties":{"domain":"ACMEPOWER.CO.NZ","objectsid":"S-1-5-21-766433165-4019621592-3972995035-1139","highvalue":false},"Name":"RCHUNILAL@ACMEPOWER.CO.NZ","PrimaryGroup":"DOMAIN USERS@ACMEPOWER.CO.NZ","Aces":null,"AllowedToDelegate":null},{"Properties":{"domain":"ACMEPOWER.CO.NZ","objectsid":"S-1-5-21-766433165-4019621592-3972995035-1140","highvalue":false},"Name":"KDALLEY@ACMEPOWER.CO.NZ","PrimaryGroup":"DOMAIN USERS@ACMEPOWER.CO.NZ","Aces":null,"AllowedToDelegate":null},{"Properties":{"domain":"ACMEPOWER.CO.NZ","objectsid":"S-1-5-21-766433165-4019621592-3972995035-1141","highvalue":false},"Name":"PDANG@ACMEPOWER.CO.NZ","PrimaryGroup":"DOMAIN USERS@ACMEPOWER.CO.NZ","Aces":null,"AllowedToDelegate":null},{"Properties":{"domain":"ACMEPOWER.CO.NZ","objectsid":"S-1-5-21-766433165-4019621592-3972995035-1142","highvalue":false},"Name":"TDYSON@ACMEPOWER.CO.NZ","PrimaryGroup":"DOMAIN USERS@ACMEPOWER.CO.NZ","Aces":null,"AllowedToDelegate":null},{"Properties":{"domain":"ACMEPOWER.CO.NZ","objectsid":"S-1-5-21-766433165-4019621592-3972995035-1143","highvalue":false},"Name":"AGLOVER@ACMEPOWER.CO.NZ","PrimaryGroup":"DOMAIN USERS@ACMEPOWER.CO.NZ","Aces":null,"AllowedToDelegate":null},{"Properties":{"domain":"ACMEPOWER.CO.NZ","objectsid":"S-1-5-21-766433165-4019621592-3972995035-1144","highvalue":false},"Name":"AISAAC@ACMEPOWER.CO.NZ","PrimaryGroup":"DOMAIN USERS@ACMEPOWER.CO.NZ","Aces":null,"AllowedToDelegate":null},{"Properties":{"domain":"ACMEPOWER.CO.NZ","objectsid":"S-1-5-21-766433165-4019621592-3972995035-1145","highvalue":false},"Name":"JJAMES@ACMEPOWER.CO.NZ","PrimaryGroup":"DOMAIN USERS@ACMEPOWER.CO.NZ","Aces":null,"AllowedToDelegate":null},{"Properties":{"domain":"ACMEPOWER.CO.NZ","objectsid":"S-1-5-21-766433165-4019621592-3972995035-1146","highvalue":false},"Name":"TJENSEN@ACMEPOWER.CO.NZ","PrimaryGroup":"DOMAIN USERS@ACMEPOWER.CO.NZ","Aces":null,"AllowedToDelegate":null},{"Properties":{"domain":"ACMEPOWER.CO.NZ","objectsid":"S-1-5-21-766433165-4019621592-3972995035-1147","highvalue":false},"Name":"CKEEPA@ACMEPOWER.CO.NZ","PrimaryGroup":"DOMAIN USERS@ACMEPOWER.CO.NZ","Aces":null,"AllowedToDelegate":null},{"Properties":{"domain":"ACMEPOWER.CO.NZ","objectsid":"S-1-5-21-766433165-4019621592-3972995035-1148","highvalue":false},"Name":"MKITTO@ACMEPOWER.CO.NZ","PrimaryGroup":"DOMAIN USERS@ACMEPOWER.CO.NZ","Aces":null,"AllowedToDelegate":null},{"Properties":{"domain":"ACMEPOWER.CO.NZ","objectsid":"S-1-5-21-766433165-4019621592-3972995035-1149","highvalue":false},"Name":"JLAURENT@ACMEPOWER.CO.NZ","PrimaryGroup":"DOMAIN USERS@ACMEPOWER.CO.NZ","Aces":null,"AllowedToDelegate":null},{"Properties":{"domain":"ACMEPOWER.CO.NZ","objectsid":"S-1-5-21-766433165-4019621592-3972995035-1150","highvalue":false},"Name":"AOAKDEN@ACMEPOWER.CO.NZ","PrimaryGroup":"DOMAIN USERS@ACMEPOWER.CO.NZ","Aces":null,"AllowedToDelegate":null},{"Properties":{"domain":"ACMEPOWER.CO.NZ","objectsid":"S-1-5-21-766433165-4019621592-3972995035-1151","highvalue":false},"Name":"LPARSONS@ACMEPOWER.CO.NZ","PrimaryGroup":"DOMAIN USERS@ACMEPOWER.CO.NZ","Aces":null,"AllowedToDelegate":null},{"Properties":{"domain":"ACMEPOWER.CO.NZ","objectsid":"S-1-5-21-766433165-4019621592-3972995035-1152","highvalue":false},"Name":"DPENG@ACMEPOWER.CO.NZ","PrimaryGroup":"DOMAIN USERS@ACMEPOWER.CO.NZ","Aces":null,"AllowedToDelegate":null},{"Properties":{"domain":"ACMEPOWER.CO.NZ","objectsid":"S-1-5-21-766433165-4019621592-3972995035-1153","highvalue":false},"Name":"HPILKINGTON@ACMEPOWER.CO.NZ","PrimaryGroup":"DOMAIN USERS@ACMEPOWER.CO.NZ","Aces":null,"AllowedToDelegate":null},{"Properties":{"domain":"ACMEPOWER.CO.NZ","objectsid":"S-1-5-21-766433165-4019621592-3972995035-1154","highvalue":false},"Name":"EROGERSON@ACMEPOWER.CO.NZ","PrimaryGroup":"DOMAIN USERS@ACMEPOWER.CO.NZ","Aces":null,"AllowedToDelegate":null},{"Properties":{"domain":"ACMEPOWER.CO.NZ","objectsid":"S-1-5-21-766433165-4019621592-3972995035-1155","highvalue":false},"Name":"NSPEIGHT@ACMEPOWER.CO.NZ","PrimaryGroup":"DOMAIN USERS@ACMEPOWER.CO.NZ","Aces":null,"AllowedToDelegate":null},{"Properties":{"domain":"ACMEPOWER.CO.NZ","objectsid":"S-1-5-21-766433165-4019621592-3972995035-1156","highvalue":false},"Name":"ASTONE@ACMEPOWER.CO.NZ","PrimaryGroup":"DOMAIN USERS@ACMEPOWER.CO.NZ","Aces":null,"AllowedToDelegate":null},{"Properties":{"domain":"ACMEPOWER.CO.NZ","objectsid":"S-1-5-21-766433165-4019621592-3972995035-1157","highvalue":false},"Name":"BSTEPHENS@ACMEPOWER.CO.NZ","PrimaryGroup":"DOMAIN USERS@ACMEPOWER.CO.NZ","Aces":null,"AllowedToDelegate":null},{"Properties":{"domain":"ACMEPOWER.CO.NZ","objectsid":"S-1-5-21-766433165-4019621592-3972995035-1158","highvalue":false},"Name":"TSOWRY@ACMEPOWER.CO.NZ","PrimaryGroup":"DOMAIN USERS@ACMEPOWER.CO.NZ","Aces":null,"AllowedToDelegate":null},{"Properties":{"domain":"ACMEPOWER.CO.NZ","objectsid":"S-1-5-21-766433165-4019621592-3972995035-1159","highvalue":false},"Name":"CCUSTODIAN@ACMEPOWER.CO.NZ","PrimaryGroup":"DOMAIN USERS@ACMEPOWER.CO.NZ","Aces":null,"AllowedToDelegate":null},{"Properties":{"domain":"ACMEPOWER.CO.NZ","objectsid":"S-1-5-21-766433165-4019621592-3972995035-1160","highvalue":false},"Name":"KAITCHISON@ACMEPOWER.CO.NZ","PrimaryGroup":"DOMAIN USERS@ACMEPOWER.CO.NZ","Aces":null,"AllowedToDelegate":null},{"Properties":{"domain":"ACMEPOWER.CO.NZ","objectsid":"S-1-5-21-766433165-4019621592-3972995035-1161","highvalue":false},"Name":"DANNING@ACMEPOWER.CO.NZ","PrimaryGroup":"DOMAIN USERS@ACMEPOWER.CO.NZ","Aces":null,"AllowedToDelegate":null},{"Properties":{"domain":"ACMEPOWER.CO.NZ","objectsid":"S-1-5-21-766433165-4019621592-3972995035-1162","highvalue":false},"Name":"MBLUE@ACMEPOWER.CO.NZ","PrimaryGroup":"DOMAIN USERS@ACMEPOWER.CO.NZ","Aces":null,"AllowedToDelegate":null},{"Properties":{"domain":"ACMEPOWER.CO.NZ","objectsid":"S-1-5-21-766433165-4019621592-3972995035-1163","highvalue":false},"Name":"NBRIDGMAN@ACMEPOWER.CO.NZ","PrimaryGroup":"DOMAIN USERS@ACMEPOWER.CO.NZ","Aces":null,"AllowedToDelegate":null},{"Properties":{"domain":"ACMEPOWER.CO.NZ","objectsid":"S-1-5-21-766433165-4019621592-3972995035-1164","highvalue":false},"Name":"JBROUGHTON@ACMEPOWER.CO.NZ","PrimaryGroup":"DOMAIN USERS@ACMEPOWER.CO.NZ","Aces":null,"AllowedToDelegate":null},{"Properties":{"domain":"ACMEPOWER.CO.NZ","objectsid":"S-1-5-21-766433165-4019621592-3972995035-1165","highvalue":false},"Name":"DBURGER@ACMEPOWER.CO.NZ","PrimaryGroup":"DOMAIN USERS@ACMEPOWER.CO.NZ","Aces":null,"AllowedToDelegate":null},{"Properties":{"domain":"ACMEPOWER.CO.NZ","objectsid":"S-1-5-21-766433165-4019621592-3972995035-1166","highvalue":false},"Name":"YBURRIDGE@ACMEPOWER.CO.NZ","PrimaryGroup":"DOMAIN USERS@ACMEPOWER.CO.NZ","Aces":null,"AllowedToDelegate":null},{"Properties":{"domain":"ACMEPOWER.CO.NZ","objectsid":"S-1-5-21-766433165-4019621592-3972995035-1167","highvalue":false},"Name":"YCHALMERS@ACMEPOWER.CO.NZ","PrimaryGroup":"DOMAIN USERS@ACMEPOWER.CO.NZ","Aces":null,"AllowedToDelegate":null},{"Properties":{"domain":"ACMEPOWER.CO.NZ","objectsid":"S-1-5-21-766433165-4019621592-3972995035-1168","highvalue":false},"Name":"WCHESHIRE@ACMEPOWER.CO.NZ","PrimaryGroup":"DOMAIN USERS@ACMEPOWER.CO.NZ","Aces":null,"AllowedToDelegate":null},{"Properties":{"domain":"ACMEPOWER.CO.NZ","objectsid":"S-1-5-21-766433165-4019621592-3972995035-1169","highvalue":false},"Name":"MCULLEN@ACMEPOWER.CO.NZ","PrimaryGroup":"DOMAIN USERS@ACMEPOWER.CO.NZ","Aces":null,"AllowedToDelegate":null},{"Properties":{"domain":"ACMEPOWER.CO.NZ","objectsid":"S-1-5-21-766433165-4019621592-3972995035-1170","highvalue":false},"Name":"JCUMMINGS@ACMEPOWER.CO.NZ","PrimaryGroup":"DOMAIN USERS@ACMEPOWER.CO.NZ","Aces":null,"AllowedToDelegate":null},{"Properties":{"domain":"ACMEPOWER.CO.NZ","objectsid":"S-1-5-21-766433165-4019621592-3972995035-1171","highvalue":false},"Name":"LDAVISON@ACMEPOWER.CO.NZ","PrimaryGroup":"DOMAIN USERS@ACMEPOWER.CO.NZ","Aces":null,"AllowedToDelegate":null},{"Properties":{"domain":"ACMEPOWER.CO.NZ","objectsid":"S-1-5-21-766433165-4019621592-3972995035-1172","highvalue":false},"Name":"KDODD@ACMEPOWER.CO.NZ","PrimaryGroup":"DOMAIN USERS@ACMEPOWER.CO.NZ","Aces":null,"AllowedToDelegate":null},{"Properties":{"domain":"ACMEPOWER.CO.NZ","objectsid":"S-1-5-21-766433165-4019621592-3972995035-1173","highvalue":false},"Name":"JGUY@ACMEPOWER.CO.NZ","PrimaryGroup":"DOMAIN USERS@ACMEPOWER.CO.NZ","Aces":null,"AllowedToDelegate":null},{"Properties":{"domain":"ACMEPOWER.CO.NZ","objectsid":"S-1-5-21-766433165-4019621592-3972995035-1174","highvalue":false},"Name":"RIAIN@ACMEPOWER.CO.NZ","PrimaryGroup":"DOMAIN USERS@ACMEPOWER.CO.NZ","Aces":null,"AllowedToDelegate":null},{"Properties":{"domain":"ACMEPOWER.CO.NZ","objectsid":"S-1-5-21-766433165-4019621592-3972995035-1175","highvalue":false},"Name":"MKEAST@ACMEPOWER.CO.NZ","PrimaryGroup":"DOMAIN USERS@ACMEPOWER.CO.NZ","Aces":null,"AllowedToDelegate":null},{"Properties":{"domain":"ACMEPOWER.CO.NZ","objectsid":"S-1-5-21-766433165-4019621592-3972995035-1176","highvalue":false},"Name":"CKEMP@ACMEPOWER.CO.NZ","PrimaryGroup":"DOMAIN USERS@ACMEPOWER.CO.NZ","Aces":null,"AllowedToDelegate":null},{"Properties":{"domain":"ACMEPOWER.CO.NZ","objectsid":"S-1-5-21-766433165-4019621592-3972995035-1177","highvalue":false},"Name":"RMAGGS@ACMEPOWER.CO.NZ","PrimaryGroup":"DOMAIN USERS@ACMEPOWER.CO.NZ","Aces":null,"AllowedToDelegate":null},{"Properties":{"domain":"ACMEPOWER.CO.NZ","objectsid":"S-1-5-21-766433165-4019621592-3972995035-1178","highvalue":false},"Name":"JMARRIOTT@ACMEPOWER.CO.NZ","PrimaryGroup":"DOMAIN USERS@ACMEPOWER.CO.NZ","Aces":null,"AllowedToDelegate":null},{"Properties":{"domain":"ACMEPOWER.CO.NZ","objectsid":"S-1-5-21-766433165-4019621592-3972995035-1179","highvalue":false},"Name":"TMILLS@ACMEPOWER.CO.NZ","PrimaryGroup":"DOMAIN USERS@ACMEPOWER.CO.NZ","Aces":null,"AllowedToDelegate":null},{"Properties":{"domain":"ACMEPOWER.CO.NZ","objectsid":"S-1-5-21-766433165-4019621592-3972995035-1180","highvalue":false},"Name":"JPIRIE@ACMEPOWER.CO.NZ","PrimaryGroup":"DOMAIN USERS@ACMEPOWER.CO.NZ","Aces":null,"AllowedToDelegate":null},{"Properties":{"domain":"ACMEPOWER.CO.NZ","objectsid":"S-1-5-21-766433165-4019621592-3972995035-1181","highvalue":false},"Name":"AROSE@ACMEPOWER.CO.NZ","PrimaryGroup":"DOMAIN USERS@ACMEPOWER.CO.NZ","Aces":null,"AllowedToDelegate":null},{"Properties":{"domain":"ACMEPOWER.CO.NZ","objectsid":"S-1-5-21-766433165-4019621592-3972995035-1182","highvalue":false},"Name":"BTOKA@ACMEPOWER.CO.NZ","PrimaryGroup":"DOMAIN USERS@ACMEPOWER.CO.NZ","Aces":null,"AllowedToDelegate":null},{"Properties":{"domain":"ACMEPOWER.CO.NZ","objectsid":"S-1-5-21-766433165-4019621592-3972995035-1183","highvalue":false},"Name":"RUDY@ACMEPOWER.CO.NZ","PrimaryGroup":"DOMAIN USERS@ACMEPOWER.CO.NZ","Aces":null,"AllowedToDelegate":null},{"Properties":{"domain":"ACMEPOWER.CO.NZ","objectsid":"S-1-5-21-766433165-4019621592-3972995035-1184","highvalue":false},"Name":"JLEITCH@ACMEPOWER.CO.NZ","PrimaryGroup":"DOMAIN USERS@ACMEPOWER.CO.NZ","Aces":null,"AllowedToDelegate":null},{"Properties":{"domain":"ACMEPOWER.CO.NZ","objectsid":"S-1-5-21-766433165-4019621592-3972995035-1185","highvalue":false},"Name":"ASHAH@ACMEPOWER.CO.NZ","PrimaryGroup":"DOMAIN USERS@ACMEPOWER.CO.NZ","Aces":null,"AllowedToDelegate":null},{"Properties":{"domain":"ACMEPOWER.CO.NZ","objectsid":"S-1-5-21-766433165-4019621592-3972995035-1186","highvalue":false},"Name":"CGLENDINNING@ACMEPOWER.CO.NZ","PrimaryGroup":"DOMAIN USERS@ACMEPOWER.CO.NZ","Aces":null,"AllowedToDelegate":null},{"Properties":{"domain":"ACMEPOWER.CO.NZ","objectsid":"S-1-5-21-766433165-4019621592-3972995035-1187","highvalue":false},"Name":"SARMOURGUARD@ACMEPOWER.CO.NZ","PrimaryGroup":"DOMAIN USERS@ACMEPOWER.CO.NZ","Aces":null,"AllowedToDelegate":null},{"Properties":{"domain":"ACMEPOWER.CO.NZ","objectsid":"S-1-5-21-766433165-4019621592-3972995035-1188","highvalue":false},"Name":"TBRABANT@ACMEPOWER.CO.NZ","PrimaryGroup":"DOMAIN USERS@ACMEPOWER.CO.NZ","Aces":null,"AllowedToDelegate":null},{"Properties":{"domain":"ACMEPOWER.CO.NZ","objectsid":"S-1-5-21-766433165-4019621592-3972995035-1189","highvalue":false},"Name":"BBRAILEY@ACMEPOWER.CO.NZ","PrimaryGroup":"DOMAIN USERS@ACMEPOWER.CO.NZ","Aces":null,"AllowedToDelegate":null},{"Properties":{"domain":"ACMEPOWER.CO.NZ","objectsid":"S-1-5-21-766433165-4019621592-3972995035-1190","highvalue":false},"Name":"MBUCHANAN@ACMEPOWER.CO.NZ","PrimaryGroup":"DOMAIN USERS@ACMEPOWER.CO.NZ","Aces":null,"AllowedToDelegate":null},{"Properties":{"domain":"ACMEPOWER.CO.NZ","objectsid":"S-1-5-21-766433165-4019621592-3972995035-1191","highvalue":false},"Name":"ABURTON@ACMEPOWER.CO.NZ","PrimaryGroup":"DOMAIN USERS@ACMEPOWER.CO.NZ","Aces":null,"AllowedToDelegate":null},{"Properties":{"domain":"ACMEPOWER.CO.NZ","objectsid":"S-1-5-21-766433165-4019621592-3972995035-1192","highvalue":false},"Name":"KCARLSON@ACMEPOWER.CO.NZ","PrimaryGroup":"DOMAIN USERS@ACMEPOWER.CO.NZ","Aces":null,"AllowedToDelegate":null},{"Properties":{"domain":"ACMEPOWER.CO.NZ","objectsid":"S-1-5-21-766433165-4019621592-3972995035-1193","highvalue":false},"Name":"UCATLEY@ACMEPOWER.CO.NZ","PrimaryGroup":"DOMAIN USERS@ACMEPOWER.CO.NZ","Aces":null,"AllowedToDelegate":null},{"Properties":{"domain":"ACMEPOWER.CO.NZ","objectsid":"S-1-5-21-766433165-4019621592-3972995035-1194","highvalue":false},"Name":"MCHEESEMAN@ACMEPOWER.CO.NZ","PrimaryGroup":"DOMAIN USERS@ACMEPOWER.CO.NZ","Aces":null,"AllowedToDelegate":null},{"Properties":{"domain":"ACMEPOWER.CO.NZ","objectsid":"S-1-5-21-766433165-4019621592-3972995035-1195","highvalue":false},"Name":"JCHELSEA@ACMEPOWER.CO.NZ","PrimaryGroup":"DOMAIN USERS@ACMEPOWER.CO.NZ","Aces":null,"AllowedToDelegate":null},{"Properties":{"domain":"ACMEPOWER.CO.NZ","objectsid":"S-1-5-21-766433165-4019621592-3972995035-1196","highvalue":false},"Name":"BCOLLETT@ACMEPOWER.CO.NZ","PrimaryGroup":"DOMAIN USERS@ACMEPOWER.CO.NZ","Aces":null,"AllowedToDelegate":null},{"Properties":{"domain":"ACMEPOWER.CO.NZ","objectsid":"S-1-5-21-766433165-4019621592-3972995035-1197","highvalue":false},"Name":"BCREE@ACMEPOWER.CO.NZ","PrimaryGroup":"DOMAIN USERS@ACMEPOWER.CO.NZ","Aces":null,"AllowedToDelegate":null},{"Properties":{"domain":"ACMEPOWER.CO.NZ","objectsid":"S-1-5-21-766433165-4019621592-3972995035-1198","highvalue":false},"Name":"CCRICHTON@ACMEPOWER.CO.NZ","PrimaryGroup":"DOMAIN USERS@ACMEPOWER.CO.NZ","Aces":null,"AllowedToDelegate":null},{"Properties":{"domain":"ACMEPOWER.CO.NZ","objectsid":"S-1-5-21-766433165-4019621592-3972995035-1199","highvalue":false},"Name":"TDAY@ACMEPOWER.CO.NZ","PrimaryGroup":"DOMAIN USERS@ACMEPOWER.CO.NZ","Aces":null,"AllowedToDelegate":null},{"Properties":{"domain":"ACMEPOWER.CO.NZ","objectsid":"S-1-5-21-766433165-4019621592-3972995035-1200","highvalue":false},"Name":"SDEVEREUX@ACMEPOWER.CO.NZ","PrimaryGroup":"DOMAIN USERS@ACMEPOWER.CO.NZ","Aces":null,"AllowedToDelegate":null},{"Properties":{"domain":"ACMEPOWER.CO.NZ","objectsid":"S-1-5-21-766433165-4019621592-3972995035-1201","highvalue":false},"Name":"MDUFF@ACMEPOWER.CO.NZ","PrimaryGroup":"DOMAIN USERS@ACMEPOWER.CO.NZ","Aces":null,"AllowedToDelegate":null},{"Properties":{"domain":"ACMEPOWER.CO.NZ","objectsid":"S-1-5-21-766433165-4019621592-3972995035-1202","highvalue":false},"Name":"CDUNSTAN@ACMEPOWER.CO.NZ","PrimaryGroup":"DOMAIN USERS@ACMEPOWER.CO.NZ","Aces":null,"AllowedToDelegate":null},{"Properties":{"domain":"ACMEPOWER.CO.NZ","objectsid":"S-1-5-21-766433165-4019621592-3972995035-1203","highvalue":false},"Name":"REDGAR@ACMEPOWER.CO.NZ","PrimaryGroup":"DOMAIN USERS@ACMEPOWER.CO.NZ","Aces":null,"AllowedToDelegate":null},{"Properties":{"domain":"ACMEPOWER.CO.NZ","objectsid":"S-1-5-21-766433165-4019621592-3972995035-1204","highvalue":false},"Name":"CGEOFFREY@ACMEPOWER.CO.NZ","PrimaryGroup":"DOMAIN USERS@ACMEPOWER.CO.NZ","Aces":null,"AllowedToDelegate":null},{"Properties":{"domain":"ACMEPOWER.CO.NZ","objectsid":"S-1-5-21-766433165-4019621592-3972995035-1205","highvalue":false},"Name":"AGIMBLETT@ACMEPOWER.CO.NZ","PrimaryGroup":"DOMAIN USERS@ACMEPOWER.CO.NZ","Aces":null,"AllowedToDelegate":null},{"Properties":{"domain":"ACMEPOWER.CO.NZ","objectsid":"S-1-5-21-766433165-4019621592-3972995035-1206","highvalue":false},"Name":"VHARVIE@ACMEPOWER.CO.NZ","PrimaryGroup":"DOMAIN USERS@ACMEPOWER.CO.NZ","Aces":null,"AllowedToDelegate":null},{"Properties":{"domain":"ACMEPOWER.CO.NZ","objectsid":"S-1-5-21-766433165-4019621592-3972995035-1207","highvalue":false},"Name":"DISLES@ACMEPOWER.CO.NZ","PrimaryGroup":"DOMAIN USERS@ACMEPOWER.CO.NZ","Aces":null,"AllowedToDelegate":null},{"Properties":{"domain":"ACMEPOWER.CO.NZ","objectsid":"S-1-5-21-766433165-4019621592-3972995035-1208","highvalue":false},"Name":"JKEESING@ACMEPOWER.CO.NZ","PrimaryGroup":"DOMAIN USERS@ACMEPOWER.CO.NZ","Aces":null,"AllowedToDelegate":null},{"Properties":{"domain":"ACMEPOWER.CO.NZ","objectsid":"S-1-5-21-766433165-4019621592-3972995035-1209","highvalue":false},"Name":"NLESLIE@ACMEPOWER.CO.NZ","PrimaryGroup":"DOMAIN USERS@ACMEPOWER.CO.NZ","Aces":null,"AllowedToDelegate":null},{"Properties":{"domain":"ACMEPOWER.CO.NZ","objectsid":"S-1-5-21-766433165-4019621592-3972995035-1210","highvalue":false},"Name":"BMCDERMOTT@ACMEPOWER.CO.NZ","PrimaryGroup":"DOMAIN USERS@ACMEPOWER.CO.NZ","Aces":null,"AllowedToDelegate":null},{"Properties":{"domain":"ACMEPOWER.CO.NZ","objectsid":"S-1-5-21-766433165-4019621592-3972995035-1211","highvalue":false},"Name":"BMCWILLIAMS@ACMEPOWER.CO.NZ","PrimaryGroup":"DOMAIN USERS@ACMEPOWER.CO.NZ","Aces":null,"AllowedToDelegate":null},{"Properties":{"domain":"ACMEPOWER.CO.NZ","objectsid":"S-1-5-21-766433165-4019621592-3972995035-1212","highvalue":false},"Name":"DPURDIE@ACMEPOWER.CO.NZ","PrimaryGroup":"DOMAIN USERS@ACMEPOWER.CO.NZ","Aces":null,"AllowedToDelegate":null},{"Properties":{"domain":"ACMEPOWER.CO.NZ","objectsid":"S-1-5-21-766433165-4019621592-3972995035-1213","highvalue":false},"Name":"CSEWARD@ACMEPOWER.CO.NZ","PrimaryGroup":"DOMAIN USERS@ACMEPOWER.CO.NZ","Aces":null,"AllowedToDelegate":null},{"Properties":{"domain":"ACMEPOWER.CO.NZ","objectsid":"S-1-5-21-766433165-4019621592-3972995035-1214","highvalue":false},"Name":"DSTURGEON@ACMEPOWER.CO.NZ","PrimaryGroup":"DOMAIN USERS@ACMEPOWER.CO.NZ","Aces":null,"AllowedToDelegate":null},{"Properties":{"domain":"ACMEPOWER.CO.NZ","objectsid":"S-1-5-21-766433165-4019621592-3972995035-1215","highvalue":false},"Name":"ESYMES@ACMEPOWER.CO.NZ","PrimaryGroup":"DOMAIN USERS@ACMEPOWER.CO.NZ","Aces":null,"AllowedToDelegate":null},{"Properties":{"domain":"ACMEPOWER.CO.NZ","objectsid":"S-1-5-21-766433165-4019621592-3972995035-1216","highvalue":false},"Name":"MTAKAKA@ACMEPOWER.CO.NZ","PrimaryGroup":"DOMAIN USERS@ACMEPOWER.CO.NZ","Aces":null,"AllowedToDelegate":null},{"Properties":{"domain":"ACMEPOWER.CO.NZ","objectsid":"S-1-5-21-766433165-4019621592-3972995035-1217","highvalue":false},"Name":"TTAMEPO@ACMEPOWER.CO.NZ","PrimaryGroup":"DOMAIN USERS@ACMEPOWER.CO.NZ","Aces":null,"AllowedToDelegate":null},{"Properties":{"domain":"ACMEPOWER.CO.NZ","objectsid":"S-1-5-21-766433165-4019621592-3972995035-1218","highvalue":false},"Name":"JTEAGUE@ACMEPOWER.CO.NZ","PrimaryGroup":"DOMAIN USERS@ACMEPOWER.CO.NZ","Aces":null,"AllowedToDelegate":null},{"Properties":{"domain":"ACMEPOWER.CO.NZ","objectsid":"S-1-5-21-766433165-4019621592-3972995035-1219","highvalue":false},"Name":"DTELFORD@ACMEPOWER.CO.NZ","PrimaryGroup":"DOMAIN USERS@ACMEPOWER.CO.NZ","Aces":null,"AllowedToDelegate":null},{"Properties":{"domain":"ACMEPOWER.CO.NZ","objectsid":"S-1-5-21-766433165-4019621592-3972995035-1220","highvalue":false},"Name":"ATHOMSEN@ACMEPOWER.CO.NZ","PrimaryGroup":"DOMAIN USERS@ACMEPOWER.CO.NZ","Aces":null,"AllowedToDelegate":null},{"Properties":{"domain":"ACMEPOWER.CO.NZ","objectsid":"S-1-5-21-766433165-4019621592-3972995035-1221","highvalue":false},"Name":"MWALMSLEY@ACMEPOWER.CO.NZ","PrimaryGroup":"DOMAIN USERS@ACMEPOWER.CO.NZ","Aces":null,"AllowedToDelegate":null},{"Properties":{"domain":"ACMEPOWER.CO.NZ","objectsid":"S-1-5-21-766433165-4019621592-3972995035-1222","highvalue":false},"Name":"MWILLACY@ACMEPOWER.CO.NZ","PrimaryGroup":"DOMAIN USERS@ACMEPOWER.CO.NZ","Aces":null,"AllowedToDelegate":null},{"Properties":{"domain":"ACMEPOWER.CO.NZ","objectsid":"S-1-5-21-766433165-4019621592-3972995035-1223","highvalue":false},"Name":"SMACKENZIE@ACMEPOWER.CO.NZ","PrimaryGroup":"DOMAIN USERS@ACMEPOWER.CO.NZ","Aces":null,"AllowedToDelegate":null},{"Properties":{"domain":"ACMEPOWER.CO.NZ","objectsid":"S-1-5-21-766433165-4019621592-3972995035-1224","highvalue":false},"Name":"RCOLLARD@ACMEPOWER.CO.NZ","PrimaryGroup":"DOMAIN USERS@ACMEPOWER.CO.NZ","Aces":null,"AllowedToDelegate":null},{"Properties":{"domain":"ACMEPOWER.CO.NZ","objectsid":"S-1-5-21-766433165-4019621592-3972995035-1225","highvalue":false},"Name":"BLITTLE@ACMEPOWER.CO.NZ","PrimaryGroup":"DOMAIN USERS@ACMEPOWER.CO.NZ","Aces":null,"AllowedToDelegate":null},{"Properties":{"domain":"ACMEPOWER.CO.NZ","objectsid":"S-1-5-21-766433165-4019621592-3972995035-1226","highvalue":false},"Name":"JATKINSON@ACMEPOWER.CO.NZ","PrimaryGroup":"DOMAIN USERS@ACMEPOWER.CO.NZ","Aces":null,"AllowedToDelegate":null},{"Properties":{"domain":"ACMEPOWER.CO.NZ","objectsid":"S-1-5-21-766433165-4019621592-3972995035-1227","highvalue":false},"Name":"TBAINBRIDGE@ACMEPOWER.CO.NZ","PrimaryGroup":"DOMAIN USERS@ACMEPOWER.CO.NZ","Aces":null,"AllowedToDelegate":null},{"Properties":{"domain":"ACMEPOWER.CO.NZ","objectsid":"S-1-5-21-766433165-4019621592-3972995035-1228","highvalue":false},"Name":"EBREMNER@ACMEPOWER.CO.NZ","PrimaryGroup":"DOMAIN USERS@ACMEPOWER.CO.NZ","Aces":null,"AllowedToDelegate":null},{"Properties":{"domain":"ACMEPOWER.CO.NZ","objectsid":"S-1-5-21-766433165-4019621592-3972995035-1229","highvalue":false},"Name":"GBURLING@ACMEPOWER.CO.NZ","PrimaryGroup":"DOMAIN USERS@ACMEPOWER.CO.NZ","Aces":null,"AllowedToDelegate":null},{"Properties":{"domain":"ACMEPOWER.CO.NZ","objectsid":"S-1-5-21-766433165-4019621592-3972995035-1230","highvalue":false},"Name":"GCHEN@ACMEPOWER.CO.NZ","PrimaryGroup":"DOMAIN USERS@ACMEPOWER.CO.NZ","Aces":null,"AllowedToDelegate":null},{"Properties":{"domain":"ACMEPOWER.CO.NZ","objectsid":"S-1-5-21-766433165-4019621592-3972995035-1231","highvalue":false},"Name":"SEDMONDS@ACMEPOWER.CO.NZ","PrimaryGroup":"DOMAIN USERS@ACMEPOWER.CO.NZ","Aces":null,"AllowedToDelegate":null},{"Properties":{"domain":"ACMEPOWER.CO.NZ","objectsid":"S-1-5-21-766433165-4019621592-3972995035-1232","highvalue":false},"Name":"ZGREENBANK@ACMEPOWER.CO.NZ","PrimaryGroup":"DOMAIN USERS@ACMEPOWER.CO.NZ","Aces":null,"AllowedToDelegate":null},{"Properties":{"domain":"ACMEPOWER.CO.NZ","objectsid":"S-1-5-21-766433165-4019621592-3972995035-1233","highvalue":false},"Name":"CHEALY@ACMEPOWER.CO.NZ","PrimaryGroup":"DOMAIN USERS@ACMEPOWER.CO.NZ","Aces":null,"AllowedToDelegate":null},{"Properties":{"domain":"ACMEPOWER.CO.NZ","objectsid":"S-1-5-21-766433165-4019621592-3972995035-1234","highvalue":false},"Name":"THEAVEN@ACMEPOWER.CO.NZ","PrimaryGroup":"DOMAIN USERS@ACMEPOWER.CO.NZ","Aces":null,"AllowedToDelegate":null},{"Properties":{"domain":"ACMEPOWER.CO.NZ","objectsid":"S-1-5-21-766433165-4019621592-3972995035-1235","highvalue":false},"Name":"KHERMAN@ACMEPOWER.CO.NZ","PrimaryGroup":"DOMAIN USERS@ACMEPOWER.CO.NZ","Aces":null,"AllowedToDelegate":null},{"Properties":{"domain":"ACMEPOWER.CO.NZ","objectsid":"S-1-5-21-766433165-4019621592-3972995035-1236","highvalue":false},"Name":"NHORNABROOK@ACMEPOWER.CO.NZ","PrimaryGroup":"DOMAIN USERS@ACMEPOWER.CO.NZ","Aces":null,"AllowedToDelegate":null},{"Properties":{"domain":"ACMEPOWER.CO.NZ","objectsid":"S-1-5-21-766433165-4019621592-3972995035-1237","highvalue":false},"Name":"THUBBARD@ACMEPOWER.CO.NZ","PrimaryGroup":"DOMAIN USERS@ACMEPOWER.CO.NZ","Aces":null,"AllowedToDelegate":null},{"Properties":{"domain":"ACMEPOWER.CO.NZ","objectsid":"S-1-5-21-766433165-4019621592-3972995035-1238","highvalue":false},"Name":"DHUTCHINSON@ACMEPOWER.CO.NZ","PrimaryGroup":"DOMAIN USERS@ACMEPOWER.CO.NZ","Aces":null,"AllowedToDelegate":null},{"Properties":{"domain":"ACMEPOWER.CO.NZ","objectsid":"S-1-5-21-766433165-4019621592-3972995035-1239","highvalue":false},"Name":"RJUDD@ACMEPOWER.CO.NZ","PrimaryGroup":"DOMAIN USERS@ACMEPOWER.CO.NZ","Aces":null,"AllowedToDelegate":null},{"Properties":{"domain":"ACMEPOWER.CO.NZ","objectsid":"S-1-5-21-766433165-4019621592-3972995035-1240","highvalue":false},"Name":"CKILMISTER@ACMEPOWER.CO.NZ","PrimaryGroup":"DOMAIN USERS@ACMEPOWER.CO.NZ","Aces":null,"AllowedToDelegate":null},{"Properties":{"domain":"ACMEPOWER.CO.NZ","objectsid":"S-1-5-21-766433165-4019621592-3972995035-1241","highvalue":false},"Name":"MMABEY@ACMEPOWER.CO.NZ","PrimaryGroup":"DOMAIN USERS@ACMEPOWER.CO.NZ","Aces":null,"AllowedToDelegate":null},{"Properties":{"domain":"ACMEPOWER.CO.NZ","objectsid":"S-1-5-21-766433165-4019621592-3972995035-1242","highvalue":false},"Name":"MMACMILLAN@ACMEPOWER.CO.NZ","PrimaryGroup":"DOMAIN USERS@ACMEPOWER.CO.NZ","Aces":null,"AllowedToDelegate":null},{"Properties":{"domain":"ACMEPOWER.CO.NZ","objectsid":"S-1-5-21-766433165-4019621592-3972995035-1243","highvalue":false},"Name":"ARAJU@ACMEPOWER.CO.NZ","PrimaryGroup":"DOMAIN USERS@ACMEPOWER.CO.NZ","Aces":null,"AllowedToDelegate":null},{"Properties":{"domain":"ACMEPOWER.CO.NZ","objectsid":"S-1-5-21-766433165-4019621592-3972995035-1244","highvalue":false},"Name":"AROSCOE@ACMEPOWER.CO.NZ","PrimaryGroup":"DOMAIN USERS@ACMEPOWER.CO.NZ","Aces":null,"AllowedToDelegate":null},{"Properties":{"domain":"ACMEPOWER.CO.NZ","objectsid":"S-1-5-21-766433165-4019621592-3972995035-1245","highvalue":false},"Name":"KSHALE@ACMEPOWER.CO.NZ","PrimaryGroup":"DOMAIN USERS@ACMEPOWER.CO.NZ","Aces":null,"AllowedToDelegate":null},{"Properties":{"domain":"ACMEPOWER.CO.NZ","objectsid":"S-1-5-21-766433165-4019621592-3972995035-1246","highvalue":false},"Name":"MSPINKS@ACMEPOWER.CO.NZ","PrimaryGroup":"DOMAIN USERS@ACMEPOWER.CO.NZ","Aces":null,"AllowedToDelegate":null},{"Properties":{"domain":"ACMEPOWER.CO.NZ","objectsid":"S-1-5-21-766433165-4019621592-3972995035-1247","highvalue":false},"Name":"JTRENBERTH@ACMEPOWER.CO.NZ","PrimaryGroup":"DOMAIN USERS@ACMEPOWER.CO.NZ","Aces":null,"AllowedToDelegate":null},{"Properties":{"domain":"ACMEPOWER.CO.NZ","objectsid":"S-1-5-21-766433165-4019621592-3972995035-1248","highvalue":false},"Name":"ZWEEKS@ACMEPOWER.CO.NZ","PrimaryGroup":"DOMAIN USERS@ACMEPOWER.CO.NZ","Aces":null,"AllowedToDelegate":null},{"Properties":{"domain":"ACMEPOWER.CO.NZ","objectsid":"S-1-5-21-766433165-4019621592-3972995035-1249","highvalue":false},"Name":"BWOODCOCK@ACMEPOWER.CO.NZ","PrimaryGroup":"DOMAIN USERS@ACMEPOWER.CO.NZ","Aces":null,"AllowedToDelegate":null},{"Properties":{"domain":"ACMEPOWER.CO.NZ","objectsid":"S-1-5-21-766433165-4019621592-3972995035-1250","highvalue":false},"Name":"JHOGG@ACMEPOWER.CO.NZ","PrimaryGroup":"DOMAIN USERS@ACMEPOWER.CO.NZ","Aces":null,"AllowedToDelegate":null},{"Properties":{"domain":"ACMEPOWER.CO.NZ","objectsid":"S-1-5-21-766433165-4019621592-3972995035-1251","highvalue":false},"Name":"OGARDYNE@ACMEPOWER.CO.NZ","PrimaryGroup":"DOMAIN USERS@ACMEPOWER.CO.NZ","Aces":null,"AllowedToDelegate":null},{"Properties":{"domain":"ACMEPOWER.CO.NZ","objectsid":"S-1-5-21-766433165-4019621592-3972995035-1252","highvalue":false},"Name":"HBARDELL@ACMEPOWER.CO.NZ","PrimaryGroup":"DOMAIN USERS@ACMEPOWER.CO.NZ","Aces":null,"AllowedToDelegate":null},{"Properties":{"domain":"ACMEPOWER.CO.NZ","objectsid":"S-1-5-21-766433165-4019621592-3972995035-1253","highvalue":false},"Name":"AALFORD@ACMEPOWER.CO.NZ","PrimaryGroup":"DOMAIN USERS@ACMEPOWER.CO.NZ","Aces":null,"AllowedToDelegate":null},{"Properties":{"domain":"ACMEPOWER.CO.NZ","objectsid":"S-1-5-21-766433165-4019621592-3972995035-1254","highvalue":false},"Name":"EALLIED@ACMEPOWER.CO.NZ","PrimaryGroup":"DOMAIN USERS@ACMEPOWER.CO.NZ","Aces":null,"AllowedToDelegate":null},{"Properties":{"domain":"ACMEPOWER.CO.NZ","objectsid":"S-1-5-21-766433165-4019621592-3972995035-1255","highvalue":false},"Name":"SANNAN@ACMEPOWER.CO.NZ","PrimaryGroup":"DOMAIN USERS@ACMEPOWER.CO.NZ","Aces":null,"AllowedToDelegate":null},{"Properties":{"domain":"ACMEPOWER.CO.NZ","objectsid":"S-1-5-21-766433165-4019621592-3972995035-1256","highvalue":false},"Name":"LBAYNES@ACMEPOWER.CO.NZ","PrimaryGroup":"DOMAIN USERS@ACMEPOWER.CO.NZ","Aces":null,"AllowedToDelegate":null},{"Properties":{"domain":"ACMEPOWER.CO.NZ","objectsid":"S-1-5-21-766433165-4019621592-3972995035-1257","highvalue":false},"Name":"CBOSHIER@ACMEPOWER.CO.NZ","PrimaryGroup":"DOMAIN USERS@ACMEPOWER.CO.NZ","Aces":null,"AllowedToDelegate":null},{"Properties":{"domain":"ACMEPOWER.CO.NZ","objectsid":"S-1-5-21-766433165-4019621592-3972995035-1258","highvalue":false},"Name":"ABROOKLANDS@ACMEPOWER.CO.NZ","PrimaryGroup":"DOMAIN USERS@ACMEPOWER.CO.NZ","Aces":null,"AllowedToDelegate":null},{"Properties":{"domain":"ACMEPOWER.CO.NZ","objectsid":"S-1-5-21-766433165-4019621592-3972995035-1259","highvalue":false},"Name":"RCOATS@ACMEPOWER.CO.NZ","PrimaryGroup":"DOMAIN USERS@ACMEPOWER.CO.NZ","Aces":null,"AllowedToDelegate":null},{"Properties":{"domain":"ACMEPOWER.CO.NZ","objectsid":"S-1-5-21-766433165-4019621592-3972995035-1260","highvalue":false},"Name":"ACOZENS@ACMEPOWER.CO.NZ","PrimaryGroup":"DOMAIN USERS@ACMEPOWER.CO.NZ","Aces":null,"AllowedToDelegate":null},{"Properties":{"domain":"ACMEPOWER.CO.NZ","objectsid":"S-1-5-21-766433165-4019621592-3972995035-1261","highvalue":false},"Name":"GEDLIN@ACMEPOWER.CO.NZ","PrimaryGroup":"DOMAIN USERS@ACMEPOWER.CO.NZ","Aces":null,"AllowedToDelegate":null},{"Properties":{"domain":"ACMEPOWER.CO.NZ","objectsid":"S-1-5-21-766433165-4019621592-3972995035-1262","highvalue":false},"Name":"DFARR@ACMEPOWER.CO.NZ","PrimaryGroup":"DOMAIN USERS@ACMEPOWER.CO.NZ","Aces":null,"AllowedToDelegate":null},{"Properties":{"domain":"ACMEPOWER.CO.NZ","objectsid":"S-1-5-21-766433165-4019621592-3972995035-1263","highvalue":false},"Name":"RFORBES@ACMEPOWER.CO.NZ","PrimaryGroup":"DOMAIN USERS@ACMEPOWER.CO.NZ","Aces":null,"AllowedToDelegate":null},{"Properties":{"domain":"ACMEPOWER.CO.NZ","objectsid":"S-1-5-21-766433165-4019621592-3972995035-1264","highvalue":false},"Name":"JGOUK@ACMEPOWER.CO.NZ","PrimaryGroup":"DOMAIN USERS@ACMEPOWER.CO.NZ","Aces":null,"AllowedToDelegate":null},{"Properties":{"domain":"ACMEPOWER.CO.NZ","objectsid":"S-1-5-21-766433165-4019621592-3972995035-1265","highvalue":false},"Name":"HGURAPPA@ACMEPOWER.CO.NZ","PrimaryGroup":"DOMAIN USERS@ACMEPOWER.CO.NZ","Aces":null,"AllowedToDelegate":null},{"Properties":{"domain":"ACMEPOWER.CO.NZ","objectsid":"S-1-5-21-766433165-4019621592-3972995035-1266","highvalue":false},"Name":"CHANSEN@ACMEPOWER.CO.NZ","PrimaryGroup":"DOMAIN USERS@ACMEPOWER.CO.NZ","Aces":null,"AllowedToDelegate":null},{"Properties":{"domain":"ACMEPOWER.CO.NZ","objectsid":"S-1-5-21-766433165-4019621592-3972995035-1267","highvalue":false},"Name":"AHAWIJ@ACMEPOWER.CO.NZ","PrimaryGroup":"DOMAIN USERS@ACMEPOWER.CO.NZ","Aces":null,"AllowedToDelegate":null},{"Properties":{"domain":"ACMEPOWER.CO.NZ","objectsid":"S-1-5-21-766433165-4019621592-3972995035-1268","highvalue":false},"Name":"LHELM@ACMEPOWER.CO.NZ","PrimaryGroup":"DOMAIN USERS@ACMEPOWER.CO.NZ","Aces":null,"AllowedToDelegate":null},{"Properties":{"domain":"ACMEPOWER.CO.NZ","objectsid":"S-1-5-21-766433165-4019621592-3972995035-1269","highvalue":false},"Name":"MHODGSON@ACMEPOWER.CO.NZ","PrimaryGroup":"DOMAIN USERS@ACMEPOWER.CO.NZ","Aces":null,"AllowedToDelegate":null},{"Properties":{"domain":"ACMEPOWER.CO.NZ","objectsid":"S-1-5-21-766433165-4019621592-3972995035-1270","highvalue":false},"Name":"DLAURENSON@ACMEPOWER.CO.NZ","PrimaryGroup":"DOMAIN USERS@ACMEPOWER.CO.NZ","Aces":null,"AllowedToDelegate":null},{"Properties":{"domain":"ACMEPOWER.CO.NZ","objectsid":"S-1-5-21-766433165-4019621592-3972995035-1271","highvalue":false},"Name":"AMCKILLOP@ACMEPOWER.CO.NZ","PrimaryGroup":"DOMAIN USERS@ACMEPOWER.CO.NZ","Aces":null,"AllowedToDelegate":null},{"Properties":{"domain":"ACMEPOWER.CO.NZ","objectsid":"S-1-5-21-766433165-4019621592-3972995035-1272","highvalue":false},"Name":"GPIANO@ACMEPOWER.CO.NZ","PrimaryGroup":"DOMAIN USERS@ACMEPOWER.CO.NZ","Aces":null,"AllowedToDelegate":null},{"Properties":{"domain":"ACMEPOWER.CO.NZ","objectsid":"S-1-5-21-766433165-4019621592-3972995035-1273","highvalue":false},"Name":"LSTEEL@ACMEPOWER.CO.NZ","PrimaryGroup":"DOMAIN USERS@ACMEPOWER.CO.NZ","Aces":null,"AllowedToDelegate":null},{"Properties":{"domain":"ACMEPOWER.CO.NZ","objectsid":"S-1-5-21-766433165-4019621592-3972995035-1274","highvalue":false},"Name":"BSTEVENS@ACMEPOWER.CO.NZ","PrimaryGroup":"DOMAIN USERS@ACMEPOWER.CO.NZ","Aces":null,"AllowedToDelegate":null},{"Properties":{"domain":"ACMEPOWER.CO.NZ","objectsid":"S-1-5-21-766433165-4019621592-3972995035-1275","highvalue":false},"Name":"YWARRINGTON@ACMEPOWER.CO.NZ","PrimaryGroup":"DOMAIN USERS@ACMEPOWER.CO.NZ","Aces":null,"AllowedToDelegate":null},{"Properties":{"domain":"ACMEPOWER.CO.NZ","objectsid":"S-1-5-21-766433165-4019621592-3972995035-1276","highvalue":false},"Name":"TWRENN@ACMEPOWER.CO.NZ","PrimaryGroup":"DOMAIN USERS@ACMEPOWER.CO.NZ","Aces":null,"AllowedToDelegate":null},{"Properties":{"domain":"ACMEPOWER.CO.NZ","objectsid":"S-1-5-21-766433165-4019621592-3972995035-1277","highvalue":false},"Name":"SMCGILL@ACMEPOWER.CO.NZ","PrimaryGroup":"DOMAIN USERS@ACMEPOWER.CO.NZ","Aces":null,"AllowedToDelegate":null},{"Properties":{"domain":"ACMEPOWER.CO.NZ","objectsid":"S-1-5-21-766433165-4019621592-3972995035-1278","highvalue":false},"Name":"KCLARK@ACMEPOWER.CO.NZ","PrimaryGroup":"DOMAIN USERS@ACMEPOWER.CO.NZ","Aces":null,"AllowedToDelegate":null},{"Properties":{"domain":"ACMEPOWER.CO.NZ","objectsid":"S-1-5-21-766433165-4019621592-3972995035-1279","highvalue":false},"Name":"DMICHAELI@ACMEPOWER.CO.NZ","PrimaryGroup":"DOMAIN USERS@ACMEPOWER.CO.NZ","Aces":null,"AllowedToDelegate":null},{"Properties":{"domain":"ACMEPOWER.CO.NZ","objectsid":"S-1-5-21-766433165-4019621592-3972995035-1280","highvalue":false},"Name":"CARVIDSON@ACMEPOWER.CO.NZ","PrimaryGroup":"DOMAIN USERS@ACMEPOWER.CO.NZ","Aces":null,"AllowedToDelegate":null},{"Properties":{"domain":"ACMEPOWER.CO.NZ","objectsid":"S-1-5-21-766433165-4019621592-3972995035-1281","highvalue":false},"Name":"JASHTON@ACMEPOWER.CO.NZ","PrimaryGroup":"DOMAIN USERS@ACMEPOWER.CO.NZ","Aces":null,"AllowedToDelegate":null},{"Properties":{"domain":"ACMEPOWER.CO.NZ","objectsid":"S-1-5-21-766433165-4019621592-3972995035-1282","highvalue":false},"Name":"JBRYANT@ACMEPOWER.CO.NZ","PrimaryGroup":"DOMAIN USERS@ACMEPOWER.CO.NZ","Aces":null,"AllowedToDelegate":null},{"Properties":{"domain":"ACMEPOWER.CO.NZ","objectsid":"S-1-5-21-766433165-4019621592-3972995035-1283","highvalue":false},"Name":"UCLARKE@ACMEPOWER.CO.NZ","PrimaryGroup":"DOMAIN USERS@ACMEPOWER.CO.NZ","Aces":null,"AllowedToDelegate":null},{"Properties":{"domain":"ACMEPOWER.CO.NZ","objectsid":"S-1-5-21-766433165-4019621592-3972995035-1284","highvalue":false},"Name":"CCLEAVE@ACMEPOWER.CO.NZ","PrimaryGroup":"DOMAIN USERS@ACMEPOWER.CO.NZ","Aces":null,"AllowedToDelegate":null},{"Properties":{"domain":"ACMEPOWER.CO.NZ","objectsid":"S-1-5-21-766433165-4019621592-3972995035-1285","highvalue":false},"Name":"JDARROCH@ACMEPOWER.CO.NZ","PrimaryGroup":"DOMAIN USERS@ACMEPOWER.CO.NZ","Aces":null,"AllowedToDelegate":null},{"Properties":{"domain":"ACMEPOWER.CO.NZ","objectsid":"S-1-5-21-766433165-4019621592-3972995035-1286","highvalue":false},"Name":"SDODS@ACMEPOWER.CO.NZ","PrimaryGroup":"DOMAIN USERS@ACMEPOWER.CO.NZ","Aces":null,"AllowedToDelegate":null},{"Properties":{"domain":"ACMEPOWER.CO.NZ","objectsid":"S-1-5-21-766433165-4019621592-3972995035-1287","highvalue":false},"Name":"EDORE@ACMEPOWER.CO.NZ","PrimaryGroup":"DOMAIN USERS@ACMEPOWER.CO.NZ","Aces":null,"AllowedToDelegate":null},{"Properties":{"domain":"ACMEPOWER.CO.NZ","objectsid":"S-1-5-21-766433165-4019621592-3972995035-1288","highvalue":false},"Name":"DENVIROSAFE@ACMEPOWER.CO.NZ","PrimaryGroup":"DOMAIN USERS@ACMEPOWER.CO.NZ","Aces":null,"AllowedToDelegate":null},{"Properties":{"domain":"ACMEPOWER.CO.NZ","objectsid":"S-1-5-21-766433165-4019621592-3972995035-1289","highvalue":false},"Name":"AEVA@ACMEPOWER.CO.NZ","PrimaryGroup":"DOMAIN USERS@ACMEPOWER.CO.NZ","Aces":null,"AllowedToDelegate":null},{"Properties":{"domain":"ACMEPOWER.CO.NZ","objectsid":"S-1-5-21-766433165-4019621592-3972995035-1290","highvalue":false},"Name":"GFERRIER@ACMEPOWER.CO.NZ","PrimaryGroup":"DOMAIN USERS@ACMEPOWER.CO.NZ","Aces":null,"AllowedToDelegate":null},{"Properties":{"domain":"ACMEPOWER.CO.NZ","objectsid":"S-1-5-21-766433165-4019621592-3972995035-1291","highvalue":false},"Name":"JFITZGERALD@ACMEPOWER.CO.NZ","PrimaryGroup":"DOMAIN USERS@ACMEPOWER.CO.NZ","Aces":null,"AllowedToDelegate":null},{"Properties":{"domain":"ACMEPOWER.CO.NZ","objectsid":"S-1-5-21-766433165-4019621592-3972995035-1292","highvalue":false},"Name":"KFLAUS@ACMEPOWER.CO.NZ","PrimaryGroup":"DOMAIN USERS@ACMEPOWER.CO.NZ","Aces":null,"AllowedToDelegate":null},{"Properties":{"domain":"ACMEPOWER.CO.NZ","objectsid":"S-1-5-21-766433165-4019621592-3972995035-1293","highvalue":false},"Name":"JFLINT@ACMEPOWER.CO.NZ","PrimaryGroup":"DOMAIN USERS@ACMEPOWER.CO.NZ","Aces":null,"AllowedToDelegate":null},{"Properties":{"domain":"ACMEPOWER.CO.NZ","objectsid":"S-1-5-21-766433165-4019621592-3972995035-1294","highvalue":false},"Name":"JHAMER@ACMEPOWER.CO.NZ","PrimaryGroup":"DOMAIN USERS@ACMEPOWER.CO.NZ","Aces":null,"AllowedToDelegate":null},{"Properties":{"domain":"ACMEPOWER.CO.NZ","objectsid":"S-1-5-21-766433165-4019621592-3972995035-1295","highvalue":false},"Name":"LHARTE@ACMEPOWER.CO.NZ","PrimaryGroup":"DOMAIN USERS@ACMEPOWER.CO.NZ","Aces":null,"AllowedToDelegate":null},{"Properties":{"domain":"ACMEPOWER.CO.NZ","objectsid":"S-1-5-21-766433165-4019621592-3972995035-1296","highvalue":false},"Name":"GINTERIOR@ACMEPOWER.CO.NZ","PrimaryGroup":"DOMAIN USERS@ACMEPOWER.CO.NZ","Aces":null,"AllowedToDelegate":null},{"Properties":{"domain":"ACMEPOWER.CO.NZ","objectsid":"S-1-5-21-766433165-4019621592-3972995035-1297","highvalue":false},"Name":"AMANLEY@ACMEPOWER.CO.NZ","PrimaryGroup":"DOMAIN USERS@ACMEPOWER.CO.NZ","Aces":null,"AllowedToDelegate":null},{"Properties":{"domain":"ACMEPOWER.CO.NZ","objectsid":"S-1-5-21-766433165-4019621592-3972995035-1298","highvalue":false},"Name":"GMOSESRUDOLPH@ACMEPOWER.CO.NZ","PrimaryGroup":"DOMAIN USERS@ACMEPOWER.CO.NZ","Aces":null,"AllowedToDelegate":null},{"Properties":{"domain":"ACMEPOWER.CO.NZ","objectsid":"S-1-5-21-766433165-4019621592-3972995035-1299","highvalue":false},"Name":"LMOSS@ACMEPOWER.CO.NZ","PrimaryGroup":"DOMAIN USERS@ACMEPOWER.CO.NZ","Aces":null,"AllowedToDelegate":null},{"Properties":{"domain":"ACMEPOWER.CO.NZ","objectsid":"S-1-5-21-766433165-4019621592-3972995035-1300","highvalue":false},"Name":"BSONNENBERG@ACMEPOWER.CO.NZ","PrimaryGroup":"DOMAIN USERS@ACMEPOWER.CO.NZ","Aces":null,"AllowedToDelegate":null},{"Properties":{"domain":"ACMEPOWER.CO.NZ","objectsid":"S-1-5-21-766433165-4019621592-3972995035-1301","highvalue":false},"Name":"AMAINFREIGHT@ACMEPOWER.CO.NZ","PrimaryGroup":"DOMAIN USERS@ACMEPOWER.CO.NZ","Aces":null,"AllowedToDelegate":null},{"Properties":{"domain":"ACMEPOWER.CO.NZ","objectsid":"S-1-5-21-766433165-4019621592-3972995035-1302","highvalue":false},"Name":"ARUP@ACMEPOWER.CO.NZ","PrimaryGroup":"DOMAIN USERS@ACMEPOWER.CO.NZ","Aces":null,"AllowedToDelegate":null},{"Properties":{"domain":"ACMEPOWER.CO.NZ","objectsid":"S-1-5-21-766433165-4019621592-3972995035-1303","highvalue":false},"Name":"KJOE@ACMEPOWER.CO.NZ","PrimaryGroup":"DOMAIN USERS@ACMEPOWER.CO.NZ","Aces":null,"AllowedToDelegate":null},{"Properties":{"domain":"ACMEPOWER.CO.NZ","objectsid":"S-1-5-21-766433165-4019621592-3972995035-1304","highvalue":false},"Name":"LALEXANDER@ACMEPOWER.CO.NZ","PrimaryGroup":"DOMAIN USERS@ACMEPOWER.CO.NZ","Aces":null,"AllowedToDelegate":null},{"Properties":{"domain":"ACMEPOWER.CO.NZ","objectsid":"S-1-5-21-766433165-4019621592-3972995035-1305","highvalue":false},"Name":"MBRAJKOVICH@ACMEPOWER.CO.NZ","PrimaryGroup":"DOMAIN USERS@ACMEPOWER.CO.NZ","Aces":null,"AllowedToDelegate":null},{"Properties":{"domain":"ACMEPOWER.CO.NZ","objectsid":"S-1-5-21-766433165-4019621592-3972995035-1306","highvalue":false},"Name":"JDURBIN@ACMEPOWER.CO.NZ","PrimaryGroup":"DOMAIN USERS@ACMEPOWER.CO.NZ","Aces":null,"AllowedToDelegate":null},{"Properties":{"domain":"ACMEPOWER.CO.NZ","objectsid":"S-1-5-21-766433165-4019621592-3972995035-1307","highvalue":false},"Name":"LGEARY@ACMEPOWER.CO.NZ","PrimaryGroup":"DOMAIN USERS@ACMEPOWER.CO.NZ","Aces":null,"AllowedToDelegate":null},{"Properties":{"domain":"ACMEPOWER.CO.NZ","objectsid":"S-1-5-21-766433165-4019621592-3972995035-1308","highvalue":false},"Name":"GGEDDES@ACMEPOWER.CO.NZ","PrimaryGroup":"DOMAIN USERS@ACMEPOWER.CO.NZ","Aces":null,"AllowedToDelegate":null},{"Properties":{"domain":"ACMEPOWER.CO.NZ","objectsid":"S-1-5-21-766433165-4019621592-3972995035-1309","highvalue":false},"Name":"BGRIBBLE@ACMEPOWER.CO.NZ","PrimaryGroup":"DOMAIN USERS@ACMEPOWER.CO.NZ","Aces":null,"AllowedToDelegate":null},{"Properties":{"domain":"ACMEPOWER.CO.NZ","objectsid":"S-1-5-21-766433165-4019621592-3972995035-1310","highvalue":false},"Name":"KHAWIRA@ACMEPOWER.CO.NZ","PrimaryGroup":"DOMAIN USERS@ACMEPOWER.CO.NZ","Aces":null,"AllowedToDelegate":null},{"Properties":{"domain":"ACMEPOWER.CO.NZ","objectsid":"S-1-5-21-766433165-4019621592-3972995035-1311","highvalue":false},"Name":"JHEPPLE@ACMEPOWER.CO.NZ","PrimaryGroup":"DOMAIN USERS@ACMEPOWER.CO.NZ","Aces":null,"AllowedToDelegate":null},{"Properties":{"domain":"ACMEPOWER.CO.NZ","objectsid":"S-1-5-21-766433165-4019621592-3972995035-1312","highvalue":false},"Name":"JMCNAMARA@ACMEPOWER.CO.NZ","PrimaryGroup":"DOMAIN USERS@ACMEPOWER.CO.NZ","Aces":null,"AllowedToDelegate":null},{"Properties":{"domain":"ACMEPOWER.CO.NZ","objectsid":"S-1-5-21-766433165-4019621592-3972995035-1313","highvalue":false},"Name":"BMCSWEENEY@ACMEPOWER.CO.NZ","PrimaryGroup":"DOMAIN USERS@ACMEPOWER.CO.NZ","Aces":null,"AllowedToDelegate":null},{"Properties":{"domain":"ACMEPOWER.CO.NZ","objectsid":"S-1-5-21-766433165-4019621592-3972995035-1314","highvalue":false},"Name":"EMUIR@ACMEPOWER.CO.NZ","PrimaryGroup":"DOMAIN USERS@ACMEPOWER.CO.NZ","Aces":null,"AllowedToDelegate":null},{"Properties":{"domain":"ACMEPOWER.CO.NZ","objectsid":"S-1-5-21-766433165-4019621592-3972995035-1315","highvalue":false},"Name":"SOSBALDISTON@ACMEPOWER.CO.NZ","PrimaryGroup":"DOMAIN USERS@ACMEPOWER.CO.NZ","Aces":null,"AllowedToDelegate":null},{"Properties":{"domain":"ACMEPOWER.CO.NZ","objectsid":"S-1-5-21-766433165-4019621592-3972995035-1316","highvalue":false},"Name":"BROGER@ACMEPOWER.CO.NZ","PrimaryGroup":"DOMAIN USERS@ACMEPOWER.CO.NZ","Aces":null,"AllowedToDelegate":null},{"Properties":{"domain":"ACMEPOWER.CO.NZ","objectsid":"S-1-5-21-766433165-4019621592-3972995035-1317","highvalue":false},"Name":"BROSS@ACMEPOWER.CO.NZ","PrimaryGroup":"DOMAIN USERS@ACMEPOWER.CO.NZ","Aces":null,"AllowedToDelegate":null},{"Properties":{"domain":"ACMEPOWER.CO.NZ","objectsid":"S-1-5-21-766433165-4019621592-3972995035-1318","highvalue":false},"Name":"ASHALLARD@ACMEPOWER.CO.NZ","PrimaryGroup":"DOMAIN USERS@ACMEPOWER.CO.NZ","Aces":null,"AllowedToDelegate":null},{"Properties":{"domain":"ACMEPOWER.CO.NZ","objectsid":"S-1-5-21-766433165-4019621592-3972995035-1319","highvalue":false},"Name":"PSNELL@ACMEPOWER.CO.NZ","PrimaryGroup":"DOMAIN USERS@ACMEPOWER.CO.NZ","Aces":null,"AllowedToDelegate":null},{"Properties":{"domain":"ACMEPOWER.CO.NZ","objectsid":"S-1-5-21-766433165-4019621592-3972995035-1320","highvalue":false},"Name":"BWING@ACMEPOWER.CO.NZ","PrimaryGroup":"DOMAIN USERS@ACMEPOWER.CO.NZ","Aces":null,"AllowedToDelegate":null},{"Properties":{"domain":"ACMEPOWER.CO.NZ","objectsid":"S-1-5-21-766433165-4019621592-3972995035-1321","highvalue":false},"Name":"CSYMON@ACMEPOWER.CO.NZ","PrimaryGroup":"DOMAIN USERS@ACMEPOWER.CO.NZ","Aces":null,"AllowedToDelegate":null},{"Properties":{"domain":"ACMEPOWER.CO.NZ","objectsid":"S-1-5-21-766433165-4019621592-3972995035-1322","highvalue":false},"Name":"JGREER@ACMEPOWER.CO.NZ","PrimaryGroup":"DOMAIN USERS@ACMEPOWER.CO.NZ","Aces":null,"AllowedToDelegate":null},{"Properties":{"domain":"ACMEPOWER.CO.NZ","objectsid":"S-1-5-21-766433165-4019621592-3972995035-1323","highvalue":false},"Name":"ADICKINSON@ACMEPOWER.CO.NZ","PrimaryGroup":"DOMAIN USERS@ACMEPOWER.CO.NZ","Aces":null,"AllowedToDelegate":null},{"Properties":{"domain":"ACMEPOWER.CO.NZ","objectsid":"S-1-5-21-766433165-4019621592-3972995035-1324","highvalue":false},"Name":"OBAXTER@ACMEPOWER.CO.NZ","PrimaryGroup":"DOMAIN USERS@ACMEPOWER.CO.NZ","Aces":null,"AllowedToDelegate":null},{"Properties":{"domain":"ACMEPOWER.CO.NZ","objectsid":"S-1-5-21-766433165-4019621592-3972995035-1325","highvalue":false},"Name":"RBERKETT@ACMEPOWER.CO.NZ","PrimaryGroup":"DOMAIN USERS@ACMEPOWER.CO.NZ","Aces":null,"AllowedToDelegate":null},{"Properties":{"domain":"ACMEPOWER.CO.NZ","objectsid":"S-1-5-21-766433165-4019621592-3972995035-1326","highvalue":false},"Name":"RBHAVSAR@ACMEPOWER.CO.NZ","PrimaryGroup":"DOMAIN USERS@ACMEPOWER.CO.NZ","Aces":null,"AllowedToDelegate":null},{"Properties":{"domain":"ACMEPOWER.CO.NZ","objectsid":"S-1-5-21-766433165-4019621592-3972995035-1327","highvalue":false},"Name":"HBRATTLE@ACMEPOWER.CO.NZ","PrimaryGroup":"DOMAIN USERS@ACMEPOWER.CO.NZ","Aces":null,"AllowedToDelegate":null},{"Properties":{"domain":"ACMEPOWER.CO.NZ","objectsid":"S-1-5-21-766433165-4019621592-3972995035-1328","highvalue":false},"Name":"JBUCKMASTER@ACMEPOWER.CO.NZ","PrimaryGroup":"DOMAIN USERS@ACMEPOWER.CO.NZ","Aces":null,"AllowedToDelegate":null},{"Properties":{"domain":"ACMEPOWER.CO.NZ","objectsid":"S-1-5-21-766433165-4019621592-3972995035-1329","highvalue":false},"Name":"CCAMA@ACMEPOWER.CO.NZ","PrimaryGroup":"DOMAIN USERS@ACMEPOWER.CO.NZ","Aces":null,"AllowedToDelegate":null},{"Properties":{"domain":"ACMEPOWER.CO.NZ","objectsid":"S-1-5-21-766433165-4019621592-3972995035-1330","highvalue":false},"Name":"CCENTRAL@ACMEPOWER.CO.NZ","PrimaryGroup":"DOMAIN USERS@ACMEPOWER.CO.NZ","Aces":null,"AllowedToDelegate":null},{"Properties":{"domain":"ACMEPOWER.CO.NZ","objectsid":"S-1-5-21-766433165-4019621592-3972995035-1331","highvalue":false},"Name":"ACHESTERS@ACMEPOWER.CO.NZ","PrimaryGroup":"DOMAIN USERS@ACMEPOWER.CO.NZ","Aces":null,"AllowedToDelegate":null},{"Properties":{"domain":"ACMEPOWER.CO.NZ","objectsid":"S-1-5-21-766433165-4019621592-3972995035-1332","highvalue":false},"Name":"DCOWLEY@ACMEPOWER.CO.NZ","PrimaryGroup":"DOMAIN USERS@ACMEPOWER.CO.NZ","Aces":null,"AllowedToDelegate":null},{"Properties":{"domain":"ACMEPOWER.CO.NZ","objectsid":"S-1-5-21-766433165-4019621592-3972995035-1333","highvalue":false},"Name":"EDICKEY@ACMEPOWER.CO.NZ","PrimaryGroup":"DOMAIN USERS@ACMEPOWER.CO.NZ","Aces":null,"AllowedToDelegate":null},{"Properties":{"domain":"ACMEPOWER.CO.NZ","objectsid":"S-1-5-21-766433165-4019621592-3972995035-1334","highvalue":false},"Name":"MGEE@ACMEPOWER.CO.NZ","PrimaryGroup":"DOMAIN USERS@ACMEPOWER.CO.NZ","Aces":null,"AllowedToDelegate":null},{"Properties":{"domain":"ACMEPOWER.CO.NZ","objectsid":"S-1-5-21-766433165-4019621592-3972995035-1335","highvalue":false},"Name":"SHARRAP@ACMEPOWER.CO.NZ","PrimaryGroup":"DOMAIN USERS@ACMEPOWER.CO.NZ","Aces":null,"AllowedToDelegate":null},{"Properties":{"domain":"ACMEPOWER.CO.NZ","objectsid":"S-1-5-21-766433165-4019621592-3972995035-1336","highvalue":false},"Name":"AHENDRY@ACMEPOWER.CO.NZ","PrimaryGroup":"DOMAIN USERS@ACMEPOWER.CO.NZ","Aces":null,"AllowedToDelegate":null},{"Properties":{"domain":"ACMEPOWER.CO.NZ","objectsid":"S-1-5-21-766433165-4019621592-3972995035-1337","highvalue":false},"Name":"AJOB@ACMEPOWER.CO.NZ","PrimaryGroup":"DOMAIN USERS@ACMEPOWER.CO.NZ","Aces":null,"AllowedToDelegate":null},{"Properties":{"domain":"ACMEPOWER.CO.NZ","objectsid":"S-1-5-21-766433165-4019621592-3972995035-1338","highvalue":false},"Name":"BKAKE@ACMEPOWER.CO.NZ","PrimaryGroup":"DOMAIN USERS@ACMEPOWER.CO.NZ","Aces":null,"AllowedToDelegate":null},{"Properties":{"domain":"ACMEPOWER.CO.NZ","objectsid":"S-1-5-21-766433165-4019621592-3972995035-1339","highvalue":false},"Name":"AKELSEN@ACMEPOWER.CO.NZ","PrimaryGroup":"DOMAIN USERS@ACMEPOWER.CO.NZ","Aces":null,"AllowedToDelegate":null},{"Properties":{"domain":"ACMEPOWER.CO.NZ","objectsid":"S-1-5-21-766433165-4019621592-3972995035-1340","highvalue":false},"Name":"JOCALLAGHAN@ACMEPOWER.CO.NZ","PrimaryGroup":"DOMAIN USERS@ACMEPOWER.CO.NZ","Aces":null,"AllowedToDelegate":null},{"Properties":{"domain":"ACMEPOWER.CO.NZ","objectsid":"S-1-5-21-766433165-4019621592-3972995035-1341","highvalue":false},"Name":"DSANSON@ACMEPOWER.CO.NZ","PrimaryGroup":"DOMAIN USERS@ACMEPOWER.CO.NZ","Aces":null,"AllowedToDelegate":null},{"Properties":{"domain":"ACMEPOWER.CO.NZ","objectsid":"S-1-5-21-766433165-4019621592-3972995035-1342","highvalue":false},"Name":"JURLICH@ACMEPOWER.CO.NZ","PrimaryGroup":"DOMAIN USERS@ACMEPOWER.CO.NZ","Aces":null,"AllowedToDelegate":null},{"Properties":{"domain":"ACMEPOWER.CO.NZ","objectsid":"S-1-5-21-766433165-4019621592-3972995035-1343","highvalue":false},"Name":"TVALE@ACMEPOWER.CO.NZ","PrimaryGroup":"DOMAIN USERS@ACMEPOWER.CO.NZ","Aces":null,"AllowedToDelegate":null},{"Properties":{"domain":"ACMEPOWER.CO.NZ","objectsid":"S-1-5-21-766433165-4019621592-3972995035-1344","highvalue":false},"Name":"YWEAVERS@ACMEPOWER.CO.NZ","PrimaryGroup":"DOMAIN USERS@ACMEPOWER.CO.NZ","Aces":null,"AllowedToDelegate":null},{"Properties":{"domain":"ACMEPOWER.CO.NZ","objectsid":"S-1-5-21-766433165-4019621592-3972995035-1345","highvalue":false},"Name":"BBURNS@ACMEPOWER.CO.NZ","PrimaryGroup":"DOMAIN USERS@ACMEPOWER.CO.NZ","Aces":null,"AllowedToDelegate":null},{"Properties":{"domain":"ACMEPOWER.CO.NZ","objectsid":"S-1-5-21-766433165-4019621592-3972995035-1346","highvalue":false},"Name":"ABEATON@ACMEPOWER.CO.NZ","PrimaryGroup":"DOMAIN USERS@ACMEPOWER.CO.NZ","Aces":null,"AllowedToDelegate":null},{"Properties":{"domain":"ACMEPOWER.CO.NZ","objectsid":"S-1-5-21-766433165-4019621592-3972995035-1347","highvalue":false},"Name":"PBRADLY@ACMEPOWER.CO.NZ","PrimaryGroup":"DOMAIN USERS@ACMEPOWER.CO.NZ","Aces":null,"AllowedToDelegate":null},{"Properties":{"domain":"ACMEPOWER.CO.NZ","objectsid":"S-1-5-21-766433165-4019621592-3972995035-1348","highvalue":false},"Name":"BAULD@ACMEPOWER.CO.NZ","PrimaryGroup":"DOMAIN USERS@ACMEPOWER.CO.NZ","Aces":null,"AllowedToDelegate":null},{"Properties":{"domain":"ACMEPOWER.CO.NZ","objectsid":"S-1-5-21-766433165-4019621592-3972995035-1349","highvalue":false},"Name":"MBALLANTYNE@ACMEPOWER.CO.NZ","PrimaryGroup":"DOMAIN USERS@ACMEPOWER.CO.NZ","Aces":null,"AllowedToDelegate":null},{"Properties":{"domain":"ACMEPOWER.CO.NZ","objectsid":"S-1-5-21-766433165-4019621592-3972995035-1350","highvalue":false},"Name":"TBEATTIE@ACMEPOWER.CO.NZ","PrimaryGroup":"DOMAIN USERS@ACMEPOWER.CO.NZ","Aces":null,"AllowedToDelegate":null},{"Properties":{"domain":"ACMEPOWER.CO.NZ","objectsid":"S-1-5-21-766433165-4019621592-3972995035-1351","highvalue":false},"Name":"LBOWIE@ACMEPOWER.CO.NZ","PrimaryGroup":"DOMAIN USERS@ACMEPOWER.CO.NZ","Aces":null,"AllowedToDelegate":null},{"Properties":{"domain":"ACMEPOWER.CO.NZ","objectsid":"S-1-5-21-766433165-4019621592-3972995035-1352","highvalue":false},"Name":"CBRAMLEY@ACMEPOWER.CO.NZ","PrimaryGroup":"DOMAIN USERS@ACMEPOWER.CO.NZ","Aces":null,"AllowedToDelegate":null},{"Properties":{"domain":"ACMEPOWER.CO.NZ","objectsid":"S-1-5-21-766433165-4019621592-3972995035-1353","highvalue":false},"Name":"DCOSTELLO@ACMEPOWER.CO.NZ","PrimaryGroup":"DOMAIN USERS@ACMEPOWER.CO.NZ","Aces":null,"AllowedToDelegate":null},{"Properties":{"domain":"ACMEPOWER.CO.NZ","objectsid":"S-1-5-21-766433165-4019621592-3972995035-1354","highvalue":false},"Name":"KHACKETT@ACMEPOWER.CO.NZ","PrimaryGroup":"DOMAIN USERS@ACMEPOWER.CO.NZ","Aces":null,"AllowedToDelegate":null},{"Properties":{"domain":"ACMEPOWER.CO.NZ","objectsid":"S-1-5-21-766433165-4019621592-3972995035-1355","highvalue":false},"Name":"DHARGREAVES@ACMEPOWER.CO.NZ","PrimaryGroup":"DOMAIN USERS@ACMEPOWER.CO.NZ","Aces":null,"AllowedToDelegate":null},{"Properties":{"domain":"ACMEPOWER.CO.NZ","objectsid":"S-1-5-21-766433165-4019621592-3972995035-1356","highvalue":false},"Name":"THARRINGTON@ACMEPOWER.CO.NZ","PrimaryGroup":"DOMAIN USERS@ACMEPOWER.CO.NZ","Aces":null,"AllowedToDelegate":null},{"Properties":{"domain":"ACMEPOWER.CO.NZ","objectsid":"S-1-5-21-766433165-4019621592-3972995035-1357","highvalue":false},"Name":"NHATFULL@ACMEPOWER.CO.NZ","PrimaryGroup":"DOMAIN USERS@ACMEPOWER.CO.NZ","Aces":null,"AllowedToDelegate":null},{"Properties":{"domain":"ACMEPOWER.CO.NZ","objectsid":"S-1-5-21-766433165-4019621592-3972995035-1358","highvalue":false},"Name":"CHOPKINSON@ACMEPOWER.CO.NZ","PrimaryGroup":"DOMAIN USERS@ACMEPOWER.CO.NZ","Aces":null,"AllowedToDelegate":null},{"Properties":{"domain":"ACMEPOWER.CO.NZ","objectsid":"S-1-5-21-766433165-4019621592-3972995035-1359","highvalue":false},"Name":"SJUNO@ACMEPOWER.CO.NZ","PrimaryGroup":"DOMAIN USERS@ACMEPOWER.CO.NZ","Aces":null,"AllowedToDelegate":null},{"Properties":{"domain":"ACMEPOWER.CO.NZ","objectsid":"S-1-5-21-766433165-4019621592-3972995035-1360","highvalue":false},"Name":"PKERAPA@ACMEPOWER.CO.NZ","PrimaryGroup":"DOMAIN USERS@ACMEPOWER.CO.NZ","Aces":null,"AllowedToDelegate":null},{"Properties":{"domain":"ACMEPOWER.CO.NZ","objectsid":"S-1-5-21-766433165-4019621592-3972995035-1361","highvalue":false},"Name":"FKERSHAW@ACMEPOWER.CO.NZ","PrimaryGroup":"DOMAIN USERS@ACMEPOWER.CO.NZ","Aces":null,"AllowedToDelegate":null},{"Properties":{"domain":"ACMEPOWER.CO.NZ","objectsid":"S-1-5-21-766433165-4019621592-3972995035-1362","highvalue":false},"Name":"BPEDDIE@ACMEPOWER.CO.NZ","PrimaryGroup":"DOMAIN USERS@ACMEPOWER.CO.NZ","Aces":null,"AllowedToDelegate":null},{"Properties":{"domain":"ACMEPOWER.CO.NZ","objectsid":"S-1-5-21-766433165-4019621592-3972995035-1363","highvalue":false},"Name":"CRAILTON@ACMEPOWER.CO.NZ","PrimaryGroup":"DOMAIN USERS@ACMEPOWER.CO.NZ","Aces":null,"AllowedToDelegate":null},{"Properties":{"domain":"ACMEPOWER.CO.NZ","objectsid":"S-1-5-21-766433165-4019621592-3972995035-1364","highvalue":false},"Name":"GREWIWETINI@ACMEPOWER.CO.NZ","PrimaryGroup":"DOMAIN USERS@ACMEPOWER.CO.NZ","Aces":null,"AllowedToDelegate":null},{"Properties":{"domain":"ACMEPOWER.CO.NZ","objectsid":"S-1-5-21-766433165-4019621592-3972995035-1365","highvalue":false},"Name":"DRODNEY@ACMEPOWER.CO.NZ","PrimaryGroup":"DOMAIN USERS@ACMEPOWER.CO.NZ","Aces":null,"AllowedToDelegate":null},{"Properties":{"domain":"ACMEPOWER.CO.NZ","objectsid":"S-1-5-21-766433165-4019621592-3972995035-1366","highvalue":false},"Name":"SSOUTHGATE@ACMEPOWER.CO.NZ","PrimaryGroup":"DOMAIN USERS@ACMEPOWER.CO.NZ","Aces":null,"AllowedToDelegate":null},{"Properties":{"domain":"ACMEPOWER.CO.NZ","objectsid":"S-1-5-21-766433165-4019621592-3972995035-1367","highvalue":false},"Name":"ASTEAD@ACMEPOWER.CO.NZ","PrimaryGroup":"DOMAIN USERS@ACMEPOWER.CO.NZ","Aces":null,"AllowedToDelegate":null},{"Properties":{"domain":"ACMEPOWER.CO.NZ","objectsid":"S-1-5-21-766433165-4019621592-3972995035-1368","highvalue":false},"Name":"ESTRACHAN@ACMEPOWER.CO.NZ","PrimaryGroup":"DOMAIN USERS@ACMEPOWER.CO.NZ","Aces":null,"AllowedToDelegate":null},{"Properties":{"domain":"ACMEPOWER.CO.NZ","objectsid":"S-1-5-21-766433165-4019621592-3972995035-1369","highvalue":false},"Name":"KGOLDSACK@ACMEPOWER.CO.NZ","PrimaryGroup":"DOMAIN USERS@ACMEPOWER.CO.NZ","Aces":null,"AllowedToDelegate":null},{"Properties":{"domain":"ACMEPOWER.CO.NZ","objectsid":"S-1-5-21-766433165-4019621592-3972995035-1370","highvalue":false},"Name":"YBEACH@ACMEPOWER.CO.NZ","PrimaryGroup":"DOMAIN USERS@ACMEPOWER.CO.NZ","Aces":null,"AllowedToDelegate":null},{"Properties":{"domain":"ACMEPOWER.CO.NZ","objectsid":"S-1-5-21-766433165-4019621592-3972995035-1371","highvalue":false},"Name":"JDUNCAN@ACMEPOWER.CO.NZ","PrimaryGroup":"DOMAIN USERS@ACMEPOWER.CO.NZ","Aces":null,"AllowedToDelegate":null},{"Properties":{"domain":"ACMEPOWER.CO.NZ","objectsid":"S-1-5-21-766433165-4019621592-3972995035-2104","highvalue":false},"Name":"IUSR_ACMFS01@ACMEPOWER.CO.NZ","PrimaryGroup":"DOMAIN USERS@ACMEPOWER.CO.NZ","Aces":null,"AllowedToDelegate":null},{"Properties":{"domain":"ACMEPOWER.CO.NZ","objectsid":"S-1-5-21-766433165-4019621592-3972995035-2103","highvalue":false},"Name":"IWAM_ACMFS01@ACMEPOWER.CO.NZ","PrimaryGroup":"DOMAIN USERS@ACMEPOWER.CO.NZ","Aces":null,"AllowedToDelegate":null},{"Properties":{"domain":"ACMEPOWER.CO.NZ","objectsid":"S-1-5-21-766433165-4019621592-3972995035-1387","highvalue":false},"Name":"D302E90F-FD4C-4E79-8@ACMEPOWER.CO.NZ","PrimaryGroup":"DOMAIN USERS@ACMEPOWER.CO.NZ","Aces":null,"AllowedToDelegate":null},{"Properties":{"domain":"ACMEPOWER.CO.NZ","objectsid":"S-1-5-21-766433165-4019621592-3972995035-2603","highvalue":false},"Name":"GAMEADMIN@ACMEPOWER.CO.NZ","PrimaryGroup":"DOMAIN USERS@ACMEPOWER.CO.NZ","Aces":null,"AllowedToDelegate":null},{"Properties":{"domain":"ACMEPOWER.CO.NZ","objectsid":"S-1-5-21-766433165-4019621592-3972995035-2604","highvalue":false},"Name":"B0X@ACMEPOWER.CO.NZ","PrimaryGroup":"DOMAIN USERS@ACMEPOWER.CO.NZ","Aces":null,"AllowedToDelegate":null},{"Properties":{"domain":"ACMEPOWER.CO.NZ","objectsid":"S-1-5-21-766433165-4019621592-3972995035-501","highvalue":false},"Name":"GUEST@ACMEPOWER.CO.NZ","PrimaryGroup":"DOMAIN GUESTS@ACMEPOWER.CO.NZ","Aces":null,"AllowedToDelegate":null}],"meta":{"count":246,"type":"users"}}